n_matches,n_inliers,inlier_ratio,match_precision,med_err_px,rmse_px,p95_px,pct_lt2px,coverage,med_err_m,tile,gap,el_case,seed,method,gate,time_s,gt_success,rot,scale
2072,2041,0.98503861003861,0.98503861003861,0.04269206239777548,0.04454538713584716,0.06477163116167232,1.0,1.0,20.227599506521894,tycho,0,high sun (35/30 deg),0,SIFT,SUCCESS,1.4178855419158936,True,-6.903122966376058,1.0291211513479563
1591,1516,0.9528598365807668,0.9528598365807668,0.06521524691926989,0.10368815838148625,0.216530832674213,1.0,1.0,30.89913727078837,tycho,0,high sun (35/30 deg),0,PC-SIFT,SUCCESS,1.328167200088501,True,-6.903122966376058,1.0291211513479563
4730,4709,0.9955602536997886,0.9957716701902748,0.07350099507860378,0.07497174705419364,0.10934377303850236,1.0,1.0,34.82494422331545,tycho,0,high sun (35/30 deg),0,LoFTR (pretrained),SUCCESS,0.4957578182220459,True,-6.903122966376058,1.0291211513479563
933,772,0.827438370846731,0.827438370846731,0.09852495237189929,0.1205928447629054,0.20404078542225426,1.0,1.0,46.681354004620935,tycho,0,high sun (35/30 deg),0,PC + learned descriptor,SUCCESS,0.2364950180053711,True,-6.903122966376058,1.0291211513479563
2149,2123,0.9879013494648674,0.9879013494648674,0.04157413540616202,0.047028804673148794,0.07173592101081692,1.0,1.0,19.697923070345173,tycho,0,high sun (35/30 deg),1,SIFT,SUCCESS,1.460820198059082,True,-0.4653883592990642,1.0596041658224211
1793,1711,0.9542665923034022,0.9531511433351925,0.06814630435719303,0.08747950470994108,0.15291625618826987,1.0,1.0,32.287879173967326,tycho,0,high sun (35/30 deg),1,PC-SIFT,SUCCESS,1.197801113128662,True,-0.4653883592990642,1.0596041658224211
5002,4998,0.9992003198720512,0.9992003198720512,0.08477108174178977,0.08939898107479809,0.1293923297969532,1.0,1.0,40.16473777328923,tycho,0,high sun (35/30 deg),1,LoFTR (pretrained),SUCCESS,0.49381446838378906,True,-0.4653883592990642,1.0596041658224211
982,829,0.8441955193482689,0.8431771894093686,0.10110578568547296,0.12968879355648746,0.23333819750090198,1.0,1.0,47.904158894524265,tycho,0,high sun (35/30 deg),1,PC + learned descriptor,SUCCESS,0.2037200927734375,True,-0.4653883592990642,1.0596041658224211
279,197,0.7060931899641577,0.7060931899641577,0.1340560437279827,0.16751356070106282,0.28949009922975516,1.0,0.71875,63.51606860060508,tycho,30,high sun (35/30 deg),0,SIFT,SUCCESS,1.376096487045288,True,3.6177590331594054,1.0150029036809334
498,327,0.6566265060240963,0.6586345381526104,0.18173577117174972,0.23823707040890627,0.4497310824205728,1.0,0.90625,86.10683552881265,tycho,30,high sun (35/30 deg),0,PC-SIFT,SUCCESS,1.0837979316711426,True,3.6177590331594054,1.0150029036809334
3816,3649,0.9562368972746331,0.9570230607966457,0.15025560828249063,0.1442028238552504,0.18146438775124427,1.0,1.0,71.19146036162032,tycho,30,high sun (35/30 deg),0,LoFTR (pretrained),SUCCESS,0.45684242248535156,True,3.6177590331594054,1.0150029036809334
533,292,0.5478424015009381,0.549718574108818,0.2582070767546494,0.3492395282814363,0.6231373370548761,1.0,0.953125,122.33911985041398,tycho,30,high sun (35/30 deg),0,PC + learned descriptor,SUCCESS,0.2341609001159668,True,3.6177590331594054,1.0150029036809334
269,179,0.6654275092936803,0.6654275092936803,0.1545913368470137,0.1551288476537812,0.21432473112578984,1.0,0.640625,73.2457387460895,tycho,30,high sun (35/30 deg),1,SIFT,SUCCESS,1.3675432205200195,True,10.136707350554325,1.0793815987900386
420,241,0.5738095238095238,0.5833333333333334,0.25785071542645255,0.32977529750593637,0.5738519750042731,1.0,0.796875,122.17027501553073,tycho,30,high sun (35/30 deg),1,PC-SIFT,SUCCESS,1.1205637454986572,True,10.136707350554325,1.0793815987900386
3801,3618,0.9518547750591949,0.9515916863983163,0.20788043169725107,0.20238638139320983,0.2462480887604386,1.0,0.9375,98.49423713561274,tycho,30,high sun (35/30 deg),1,LoFTR (pretrained),SUCCESS,0.44016146659851074,True,10.136707350554325,1.0793815987900386
430,195,0.45348837209302323,0.44883720930232557,0.5025621736809609,0.5659427505437991,0.9021789856588623,1.0,0.84375,238.11513910078205,tycho,30,high sun (35/30 deg),1,PC + learned descriptor,SUCCESS,0.20762991905212402,True,10.136707350554325,1.0793815987900386
123,5,0.04065040650406504,0.008130081300813009,234.01996751363419,251.6244150835013,391.94421064807244,0.0,0.078125,110879.2106431876,tycho,60,high sun (35/30 deg),0,SIFT,REFUSED,1.4432024955749512,False,12.628348472675132,1.1347918335065326
180,30,0.16666666666666666,0.15,1.125058174402365,1.1738696695862232,1.7353660362969687,1.0,0.265625,533.0552073430749,tycho,60,high sun (35/30 deg),0,PC-SIFT,DEGRADED,1.0823173522949219,True,12.628348472675132,1.1347918335065326
834,482,0.5779376498800959,0.5575539568345323,0.3780271912870257,0.425195443303349,0.6569625024111266,1.0,0.71875,179.11017173833545,tycho,60,high sun (35/30 deg),0,LoFTR (pretrained),SUCCESS,0.3773190975189209,True,12.628348472675132,1.1347918335065326
245,31,0.12653061224489795,0.11020408163265306,0.8966290173821412,1.2275362391865436,2.2609464922933604,0.9051724137931034,0.328125,424.8249358521794,tycho,60,high sun (35/30 deg),0,PC + learned descriptor,REFUSED,0.2096257209777832,True,12.628348472675132,1.1347918335065326
116,5,0.04310344827586207,0.017241379310344827,418.6417157927891,28367.92660649848,856.2148646540231,0.0,0.0625,198353.42890862405,tycho,60,high sun (35/30 deg),1,SIFT,REFUSED,1.4181644916534424,False,10.895859408839868,1.1672710712909942
197,27,0.13705583756345177,0.12690355329949238,0.8828193544607134,1.4122466567420755,2.9139123369944806,0.8411764705882353,0.296875,418.28188510208815,tycho,60,high sun (35/30 deg),1,PC-SIFT,REFUSED,1.1012046337127686,True,10.895859408839868,1.1672710712909942
739,443,0.5994587280108254,0.5967523680649527,0.3424211683014657,0.3525655122665419,0.5552133034902847,1.0,0.703125,162.23995436018765,tycho,60,high sun (35/30 deg),1,LoFTR (pretrained),SUCCESS,0.3928682804107666,True,10.895859408839868,1.1672710712909942
227,22,0.09691629955947137,0.1145374449339207,0.9790991798553554,1.3180549490324835,2.3356650041817852,0.8823529411764706,0.28125,463.8994926679891,tycho,60,high sun (35/30 deg),1,PC + learned descriptor,REFUSED,0.2082834243774414,True,10.895859408839868,1.1672710712909942
99,5,0.050505050505050504,0.010101010101010102,416.0225355806692,477.3593889062442,670.3883968689529,0.0,0.078125,197112.45516805982,tycho,90,high sun (35/30 deg),0,SIFT,REFUSED,1.3678109645843506,False,6.759584723760469,1.1473359740784874
180,26,0.14444444444444443,0.1388888888888889,0.7149744793799899,0.8262792790558136,1.416617664421696,1.0,0.25,338.7565887900511,tycho,90,high sun (35/30 deg),0,PC-SIFT,REFUSED,1.1209666728973389,True,6.759584723760469,1.1473359740784874
192,39,0.203125,0.22395833333333334,1.8570793561401224,2.904177604477899,5.931204217972271,0.5308988764044944,0.3125,879.8885637764191,tycho,90,high sun (35/30 deg),0,LoFTR (pretrained),DEGRADED,0.35700535774230957,True,6.759584723760469,1.1473359740784874
234,9,0.038461538461538464,0.04700854700854701,3.933283508850724,8.416610693594372,18.11428142063985,0.3146067415730337,0.125,1863.5989711938869,tycho,90,high sun (35/30 deg),0,PC + learned descriptor,REFUSED,0.21292519569396973,False,6.759584723760469,1.1473359740784874
112,6,0.05357142857142857,0.0,168.6785812746616,6418.022393763323,5413.258813784357,0.0,0.0625,79920.3082662491,tycho,90,high sun (35/30 deg),1,SIFT,REFUSED,1.5709424018859863,False,7.545663028180325,1.0068238990348921
197,38,0.19289340101522842,0.18274111675126903,0.7242746762266665,1.4320718976280602,3.330419870204385,0.8775,0.296875,343.1630439149784,tycho,90,high sun (35/30 deg),1,PC-SIFT,DEGRADED,1.0503976345062256,True,7.545663028180325,1.0068238990348921
125,36,0.288,0.2,2.1329880287640455,3.0532929126626556,5.778117975524463,0.48,0.34375,1010.6147413551247,tycho,90,high sun (35/30 deg),1,LoFTR (pretrained),DEGRADED,0.33594703674316406,False,7.545663028180325,1.0068238990348921
269,25,0.09293680297397769,0.08921933085501858,0.602556851125125,1.0887276970824409,2.269442938519479,0.9175,0.3125,285.4928522990506,tycho,90,high sun (35/30 deg),1,PC + learned descriptor,REFUSED,0.21034479141235352,True,7.545663028180325,1.0068238990348921
108,6,0.05555555555555555,0.0,641.4135124236475,782.7628556803909,1363.797944558167,0.0,0.0625,303903.2297501066,tycho,120,high sun (35/30 deg),0,SIFT,REFUSED,1.6100456714630127,False,4.00589789293457,1.1302551082891872
202,35,0.17326732673267325,0.15346534653465346,1.1993907199040268,1.261448910000587,1.8871398569588178,0.9782608695652174,0.3125,568.2741421112926,tycho,120,high sun (35/30 deg),0,PC-SIFT,DEGRADED,1.0732176303863525,True,4.00589789293457,1.1302551082891872
114,11,0.09649122807017543,0.07894736842105263,6.356782825367395,8.092272097135233,13.650099323071764,0.10326086956521739,0.15625,3011.858643497352,tycho,120,high sun (35/30 deg),0,LoFTR (pretrained),REFUSED,0.3419198989868164,False,4.00589789293457,1.1302551082891872
237,29,0.12236286919831224,0.12658227848101267,1.0986550240127007,1.6215774415175623,3.1930885993933424,0.7907608695652174,0.28125,520.5453326310857,tycho,120,high sun (35/30 deg),0,PC + learned descriptor,REFUSED,0.21123242378234863,True,4.00589789293457,1.1302551082891872
112,5,0.044642857142857144,0.0,240.99902165239212,1264.0590469296915,701.6645368132864,0.0,0.046875,114185.90289754179,tycho,120,high sun (35/30 deg),1,SIFT,REFUSED,1.9085404872894287,False,-11.130355044993049,0.9107767625977315
187,37,0.19786096256684493,0.1925133689839572,1.0103117161359323,1.6264538462879015,3.32388590178895,0.8225,0.28125,478.68806571896425,tycho,120,high sun (35/30 deg),1,PC-SIFT,DEGRADED,0.910498857498169,True,-11.130355044993049,0.9107767625977315
157,33,0.21019108280254778,0.1464968152866242,2.1983476412020027,3.3555260182612465,6.363093005034461,0.46,0.3125,1041.5822793479806,tycho,120,high sun (35/30 deg),1,LoFTR (pretrained),DEGRADED,0.36436033248901367,False,-11.130355044993049,0.9107767625977315
251,41,0.16334661354581673,0.14342629482071714,0.7136962739006727,0.7936776188546477,1.3720340564796554,1.0,0.40625,338.1509720296854,tycho,120,high sun (35/30 deg),1,PC + learned descriptor,SUCCESS,0.20902085304260254,True,-11.130355044993049,0.9107767625977315
117,6,0.05128205128205128,0.0,287.04490359151515,829.5958427806887,533.822943759895,0.0,0.0625,136002.5499854956,tycho,150,high sun (35/30 deg),0,SIFT,REFUSED,1.3009114265441895,False,-11.593415096279061,0.9158170501860368
324,157,0.4845679012345679,0.4783950617283951,0.49453357151882554,0.581159529898354,0.9870709784034692,1.0,0.765625,234.31116852611777,tycho,150,high sun (35/30 deg),0,PC-SIFT,SUCCESS,0.9577300548553467,True,-11.593415096279061,0.9158170501860368
477,121,0.25366876310272535,0.25157232704402516,0.931242604089787,1.1985210849134493,2.2879744048015715,0.9225,0.390625,441.2249345892517,tycho,150,high sun (35/30 deg),0,LoFTR (pretrained),SUCCESS,0.3556244373321533,True,-11.593415096279061,0.9158170501860368
379,135,0.3562005277044855,0.35883905013192613,0.6791492076824313,0.6886285791725435,0.9797861787224075,1.0,0.828125,321.7824908568412,tycho,150,high sun (35/30 deg),0,PC + learned descriptor,SUCCESS,0.2328507900238037,True,-11.593415096279061,0.9158170501860368
127,5,0.03937007874015748,0.0,172.99119805512237,1012.3597592693036,771.8646657507629,0.0,0.0625,81963.63623310815,tycho,150,high sun (35/30 deg),1,SIFT,REFUSED,2.113299608230591,False,4.6715652018034675,0.996973560500015
360,189,0.525,0.5194444444444445,0.2960614690670591,0.4108038673253092,0.8191847653386999,1.0,0.765625,140.27461990013944,tycho,150,high sun (35/30 deg),1,PC-SIFT,SUCCESS,1.8479509353637695,True,4.6715652018034675,0.996973560500015
403,106,0.2630272952853598,0.17866004962779156,2.5878389506956365,3.3858879022356656,6.4470892913248585,0.3925,0.359375,1226.1241772376106,tycho,150,high sun (35/30 deg),1,LoFTR (pretrained),SUCCESS,0.3804283142089844,False,4.6715652018034675,0.996973560500015
467,236,0.5053533190578159,0.49464668094218417,0.31218629489420135,0.3559978629427684,0.6063879739115762,1.0,0.96875,147.91460027646463,tycho,150,high sun (35/30 deg),1,PC + learned descriptor,SUCCESS,0.1887497901916504,True,4.6715652018034675,0.996973560500015
132,6,0.045454545454545456,0.007575757575757576,236.55396684036884,3816.027493447833,861.4969264855648,0.0,0.078125,112079.82548004908,tycho,180,high sun (35/30 deg),0,SIFT,REFUSED,1.2295193672180176,False,2.0689000536486617,0.8970849457325922
753,653,0.8671978751660027,0.8605577689243028,0.21810976636933932,0.2541078503781684,0.40648244686301954,1.0,0.953125,103.34091994604452,tycho,180,high sun (35/30 deg),0,PC-SIFT,SUCCESS,0.9491283893585205,True,2.0689000536486617,0.8970849457325922
609,230,0.37766830870279144,0.30049261083743845,1.8245706833300215,1.7396405028096744,2.118942023739521,0.76,0.59375,864.4858781913456,tycho,180,high sun (35/30 deg),0,LoFTR (pretrained),SUCCESS,0.37729787826538086,True,2.0689000536486617,0.8970849457325922
638,418,0.6551724137931034,0.658307210031348,0.2136707566000438,0.25207030843341216,0.4143846038021062,1.0,0.984375,101.23770668400437,tycho,180,high sun (35/30 deg),0,PC + learned descriptor,SUCCESS,0.21429967880249023,True,2.0689000536486617,0.8970849457325922
130,6,0.046153846153846156,0.0,353.891831686616,12222.101355154175,1612.6862473698789,0.0,0.0625,167674.78163245914,tycho,180,high sun (35/30 deg),1,SIFT,REFUSED,1.3306376934051514,False,-14.271982637689703,1.0528323449704193
920,790,0.8586956521739131,0.8554347826086957,0.3057668025511471,0.3126608587919305,0.3884496614192011,1.0,0.921875,144.8730297160962,tycho,180,high sun (35/30 deg),1,PC-SIFT,SUCCESS,1.8232667446136475,True,-14.271982637689703,1.0528323449704193
208,30,0.14423076923076922,0.08653846153846154,2.666775597281715,2.8004042251435806,4.24241497743725,0.24456521739130435,0.25,1263.5245459209998,tycho,180,high sun (35/30 deg),1,LoFTR (pretrained),REFUSED,0.35176515579223633,False,-14.271982637689703,1.0528323449704193
546,336,0.6153846153846154,0.6062271062271062,0.33435409454386694,0.36809897590748597,0.5687719460591383,1.0,0.90625,158.41775585317006,tycho,180,high sun (35/30 deg),1,PC + learned descriptor,SUCCESS,0.23443126678466797,True,-14.271982637689703,1.0528323449704193
1998,1952,0.9769769769769769,0.9769769769769769,0.12697531706435988,0.13462150907171547,0.18688446720395274,1.0,0.984375,60.161203665001125,tycho,0,low sun (12/10 deg),0,SIFT,SUCCESS,1.352362871170044,True,-10.00828444621378,1.0822359827784271
1252,1135,0.9065495207667732,0.9057507987220448,0.10521254401839492,0.14523973860238287,0.26978268360806984,1.0,0.921875,49.849950645094395,tycho,0,low sun (12/10 deg),0,PC-SIFT,SUCCESS,1.1427748203277588,True,-10.00828444621378,1.0822359827784271
4354,4232,0.971979788700046,0.9699127239320166,0.2738121502473308,0.297935102905548,0.40975339529299803,1.0,0.9375,129.7328403490575,tycho,0,low sun (12/10 deg),0,LoFTR (pretrained),SUCCESS,0.4713714122772217,True,-10.00828444621378,1.0822359827784271
707,504,0.7128712871287128,0.7072135785007072,0.31189616450086877,0.3436438756394921,0.5616849229262488,1.0,0.921875,147.77713581418774,tycho,0,low sun (12/10 deg),0,PC + learned descriptor,SUCCESS,0.2145071029663086,True,-10.00828444621378,1.0822359827784271
1910,1860,0.9738219895287958,0.9738219895287958,0.1757759493698165,0.1882228225303308,0.25045358537593027,1.0,1.0,83.28305795122661,tycho,0,low sun (12/10 deg),1,SIFT,SUCCESS,1.42484712600708,True,3.1197003483219063,1.1581087794151124
1067,951,0.8912839737582006,0.8894095595126523,0.1336880615255342,0.2197778427686814,0.4164146872456872,1.0,0.96875,63.341717768187955,tycho,0,low sun (12/10 deg),1,PC-SIFT,SUCCESS,1.303267002105713,True,3.1197003483219063,1.1581087794151124
4154,4018,0.9672604718343765,0.9660568127106404,0.33963215929504686,0.3403373953503736,0.4080031735566839,1.0,1.0,160.91851533772288,tycho,0,low sun (12/10 deg),1,LoFTR (pretrained),SUCCESS,0.4662923812866211,True,3.1197003483219063,1.1581087794151124
583,370,0.6346483704974271,0.6363636363636364,0.3440330375342005,0.39402561029046257,0.6445340889110414,1.0,0.90625,163.00366179115832,tycho,0,low sun (12/10 deg),1,PC + learned descriptor,SUCCESS,0.24173402786254883,True,3.1197003483219063,1.1581087794151124
290,169,0.5827586206896552,0.5827586206896552,0.1345309778375415,0.15962027979223373,0.2738789001870908,1.0,0.734375,63.741093497988416,tycho,30,low sun (12/10 deg),0,SIFT,SUCCESS,1.2753486633300781,True,-9.355191876239175,0.8986858389585204
331,177,0.5347432024169184,0.5347432024169184,0.29894152179529043,0.35784539371332,0.6269993054619968,1.0,0.78125,141.6391956519861,tycho,30,low sun (12/10 deg),0,PC-SIFT,SUCCESS,0.9574339389801025,True,-9.355191876239175,0.8986858389585204
3234,3095,0.9570191713048856,0.9554730983302412,0.09044118983680226,0.10464366229216253,0.1662641899779719,1.0,1.0,42.85124831559971,tycho,30,low sun (12/10 deg),0,LoFTR (pretrained),SUCCESS,0.4634373188018799,True,-9.355191876239175,0.8986858389585204
407,173,0.4250614250614251,0.4176904176904177,0.3580494738398241,0.41807279135942615,0.6970840411993381,1.0,0.921875,169.64468225667702,tycho,30,low sun (12/10 deg),0,PC + learned descriptor,SUCCESS,0.21396422386169434,True,-9.355191876239175,0.8986858389585204
311,198,0.6366559485530546,0.6366559485530546,0.13736252262675153,0.14305313085941404,0.22543007058190315,1.0,0.765625,65.08268607431482,tycho,30,low sun (12/10 deg),1,SIFT,SUCCESS,1.2725067138671875,True,5.275117821681462,0.9375043452886802
335,186,0.5552238805970149,0.5432835820895522,0.2820589561607408,0.556347199916459,1.2047096735362743,1.0,0.75,133.64019637393685,tycho,30,low sun (12/10 deg),1,PC-SIFT,SUCCESS,1.0144152641296387,True,5.275117821681462,0.9375043452886802
3607,3468,0.9614638203493208,0.9611865816467979,0.18697625193617667,0.2042771256991235,0.2960700284323392,1.0,1.0,88.58978763210536,tycho,30,low sun (12/10 deg),1,LoFTR (pretrained),SUCCESS,0.4582023620605469,True,5.275117821681462,0.9375043452886802
465,215,0.46236559139784944,0.47096774193548385,0.29332062634020684,0.40380636833031225,0.7926167464263439,1.0,0.90625,138.97600217414222,tycho,30,low sun (12/10 deg),1,PC + learned descriptor,SUCCESS,0.21428251266479492,True,5.275117821681462,0.9375043452886802
114,5,0.043859649122807015,0.008771929824561403,370.2767151037982,619.0561592888171,1272.6204202269266,0.0,0.0625,175437.97790617868,tycho,60,low sun (12/10 deg),0,SIFT,REFUSED,1.408578872680664,False,-5.518812725895065,1.04627853654053
200,42,0.21,0.2,0.6277947980624046,0.7554407245278627,1.2455874605522579,1.0,0.40625,297.4506508766321,tycho,60,low sun (12/10 deg),0,PC-SIFT,SUCCESS,1.1319773197174072,True,-5.518812725895065,1.04627853654053
1472,1052,0.7146739130434783,0.7119565217391305,0.28912432297088686,0.33661181488424397,0.5574530979586937,1.0,0.96875,136.9877837748621,tycho,60,low sun (12/10 deg),0,LoFTR (pretrained),SUCCESS,0.4029369354248047,True,-5.518812725895065,1.04627853654053
272,32,0.11764705882352941,0.11397058823529412,0.6123755637438129,0.795376835619064,1.4757080720338,0.9975,0.375,290.14498141546443,tycho,60,low sun (12/10 deg),0,PC + learned descriptor,REFUSED,0.21641135215759277,True,-5.518812725895065,1.04627853654053
111,5,0.04504504504504504,0.009009009009009009,242.536289169781,273.75205072077085,421.6248089614811,0.0,0.078125,114914.26386043939,tycho,60,low sun (12/10 deg),1,SIFT,REFUSED,1.4018456935882568,False,-3.5309373822247156,1.0168376943853743
206,38,0.18446601941747573,0.1941747572815534,0.8187443127217875,1.0646573523589478,1.9203015139253543,0.9575,0.4375,387.9229797256592,tycho,60,low sun (12/10 deg),1,PC-SIFT,DEGRADED,1.0992121696472168,True,-3.5309373822247156,1.0168376943853743
1370,990,0.7226277372262774,0.7226277372262774,0.2306451403180299,0.27376847323597675,0.47219411132571215,1.0,0.953125,109.28020958579295,tycho,60,low sun (12/10 deg),1,LoFTR (pretrained),SUCCESS,0.41161012649536133,True,-3.5309373822247156,1.0168376943853743
264,49,0.1856060606060606,0.18181818181818182,0.6458708522241455,0.815656042785477,1.4910734360449753,1.0,0.546875,306.01512782401295,tycho,60,low sun (12/10 deg),1,PC + learned descriptor,SUCCESS,0.21372246742248535,True,-3.5309373822247156,1.0168376943853743
120,6,0.05,0.008333333333333333,257.8196459226138,401.39264749784905,665.0862940990944,0.0,0.0625,122155.55421158687,tycho,90,low sun (12/10 deg),0,SIFT,REFUSED,1.5558440685272217,False,11.801697729016716,1.0456506810956658
184,18,0.09782608695652174,0.08152173913043478,2.271651380400317,3.4071996427170634,6.641755572381549,0.4421052631578947,0.21875,1076.313763271589,tycho,90,low sun (12/10 deg),0,PC-SIFT,REFUSED,1.1022391319274902,False,11.801697729016716,1.0456506810956658
412,153,0.3713592233009709,0.3616504854368932,0.6620267169711058,0.6531796614508522,0.8990486529378232,1.0,0.515625,313.6698145135011,tycho,90,low sun (12/10 deg),0,LoFTR (pretrained),SUCCESS,0.3635408878326416,True,11.801697729016716,1.0456506810956658
231,14,0.06060606060606061,0.05194805194805195,1.6704110794965543,1.9607136068742421,3.24845923114569,0.6026315789473684,0.1875,791.4446955618099,tycho,90,low sun (12/10 deg),0,PC + learned descriptor,REFUSED,0.21826934814453125,True,11.801697729016716,1.0456506810956658
113,5,0.04424778761061947,0.0,183.44801122383146,222.24294410660866,384.1185134097448,0.0,0.0625,86918.0988898992,tycho,90,low sun (12/10 deg),1,SIFT,REFUSED,1.400083303451538,False,7.452676194873096,1.01945712456471
180,24,0.13333333333333333,0.12222222222222222,1.36377700181284,1.6969211888667688,3.077507560403921,0.7575757575757576,0.25,646.1607488494794,tycho,90,low sun (12/10 deg),1,PC-SIFT,REFUSED,1.073329210281372,True,7.452676194873096,1.01945712456471
564,276,0.48936170212765956,0.4858156028368794,0.47367353980901766,0.6422541157639676,1.1396621177075823,1.0,0.609375,224.42763647306504,tycho,90,low sun (12/10 deg),1,LoFTR (pretrained),SUCCESS,0.3797328472137451,True,7.452676194873096,1.01945712456471
221,20,0.09049773755656108,0.07239819004524888,1.3261748034497431,1.56912433525196,2.6297346223161715,0.8207070707070707,0.25,628.3447388856895,tycho,90,low sun (12/10 deg),1,PC + learned descriptor,REFUSED,0.2095954418182373,True,7.452676194873096,1.01945712456471
106,5,0.04716981132075472,0.0,240.9498521913374,426.4795829234617,841.1850687346861,0.0,0.0625,114162.60629132728,tycho,120,low sun (12/10 deg),0,SIFT,REFUSED,1.9491755962371826,False,-4.109705581802391,1.134506409678592
200,25,0.125,0.115,0.9650415026180172,1.5754997196419382,3.1504266655472257,0.7747252747252747,0.234375,457.2389321520923,tycho,120,low sun (12/10 deg),0,PC-SIFT,REFUSED,1.121354579925537,True,-4.109705581802391,1.134506409678592
196,32,0.16326530612244897,0.14285714285714285,4.106225573323243,6.302828302769412,12.497313108693412,0.019230769230769232,0.25,1945.5393278200752,tycho,120,low sun (12/10 deg),0,LoFTR (pretrained),DEGRADED,0.365797758102417,False,-4.109705581802391,1.134506409678592
228,22,0.09649122807017543,0.10964912280701754,1.0029562510565753,1.1066409978487906,1.7128913693835814,1.0,0.265625,475.2030290762465,tycho,120,low sun (12/10 deg),0,PC + learned descriptor,REFUSED,0.21421313285827637,True,-4.109705581802391,1.134506409678592
103,6,0.05825242718446602,0.0,315.82341821870756,386.8358574407117,585.8183710911059,0.0,0.0625,149637.8778562279,tycho,120,low sun (12/10 deg),1,SIFT,REFUSED,1.425954818725586,False,-10.158151651295654,1.1569719411081152
178,6,0.033707865168539325,0.10112359550561797,407.2368590155175,3203.7259703378954,2170.357242211999,0.0,0.078125,192949.78096183584,tycho,120,low sun (12/10 deg),1,PC-SIFT,REFUSED,1.0741655826568604,False,-10.158151651295654,1.1569719411081152
208,39,0.1875,0.10576923076923077,4.678108784366449,7.034964823483146,14.184034259449513,0.18604651162790697,0.171875,2216.498937353684,tycho,120,low sun (12/10 deg),1,LoFTR (pretrained),DEGRADED,0.3572201728820801,False,-10.158151651295654,1.1569719411081152
224,16,0.07142857142857142,0.08482142857142858,2.733996960497893,3.4617671123145013,5.968123613210286,0.32848837209302323,0.140625,1295.3741858083933,tycho,120,low sun (12/10 deg),1,PC + learned descriptor,REFUSED,0.2125697135925293,False,-10.158151651295654,1.1569719411081152
116,5,0.04310344827586207,0.0,316.32053673459103,1133.6611105782501,836.3285404301802,0.0,0.0625,149873.41377746957,tycho,150,low sun (12/10 deg),0,SIFT,REFUSED,2.3758749961853027,False,-2.9108170680001813,1.1728735901028498
200,49,0.245,0.235,0.7878365295240849,1.0318425925512393,1.879240333938247,0.9705882352941176,0.359375,373.2787994016346,tycho,150,low sun (12/10 deg),0,PC-SIFT,SUCCESS,1.2428059577941895,True,-2.9108170680001813,1.1728735901028498
349,70,0.20057306590257878,0.12893982808022922,3.2000478303463185,4.101489430862919,7.6488082460623055,0.3029411764705882,0.265625,1516.190183337979,tycho,150,low sun (12/10 deg),0,LoFTR (pretrained),DEGRADED,0.38160085678100586,False,-2.9108170680001813,1.1728735901028498
258,44,0.17054263565891473,0.1821705426356589,0.6978882341783608,0.8518493365455949,1.4095032063634092,1.0,0.484375,330.6610856543958,tycho,150,low sun (12/10 deg),0,PC + learned descriptor,SUCCESS,0.21275997161865234,True,-2.9108170680001813,1.1728735901028498
126,5,0.03968253968253968,0.0,247.5594522008924,846.9905858303425,939.1745594483557,0.0,0.078125,117294.2503109085,tycho,150,low sun (12/10 deg),1,SIFT,REFUSED,1.2775356769561768,False,-2.647960452071766,0.900788504651526
218,67,0.3073394495412844,0.2981651376146789,0.46253606266856073,0.6715515595110904,1.2865317317381704,1.0,0.484375,219.15067362664269,tycho,150,low sun (12/10 deg),1,PC-SIFT,SUCCESS,0.9476504325866699,True,-2.647960452071766,0.900788504651526
504,172,0.3412698412698413,0.27380952380952384,3.064484006566291,4.440653334475349,8.834880011441523,0.345,0.3125,1451.959725004863,tycho,150,low sun (12/10 deg),1,LoFTR (pretrained),SUCCESS,0.3696258068084717,False,-2.647960452071766,0.900788504651526
339,110,0.32448377581120946,0.3303834808259587,0.7507414653066484,0.766234188864832,1.0231493337204811,1.0,0.75,355.703070788015,tycho,150,low sun (12/10 deg),1,PC + learned descriptor,SUCCESS,0.21629786491394043,True,-2.647960452071766,0.900788504651526
130,6,0.046153846153846156,0.0,331.2622408012686,355.2573568480071,554.1659790306486,0.0,0.078125,156952.828282904,tycho,180,low sun (12/10 deg),0,SIFT,REFUSED,2.2922701835632324,False,-8.385760319373592,0.853898573987322
373,245,0.6568364611260054,0.6541554959785523,0.44293127638790475,0.46607238128873885,0.6943126192896705,1.0,0.84375,209.86187980822254,tycho,180,low sun (12/10 deg),0,PC-SIFT,SUCCESS,1.5188076496124268,True,-8.385760319373592,0.853898573987322
410,129,0.3146341463414634,0.32439024390243903,1.2065015182181438,1.6842602182828157,3.2312515705585025,0.7575,0.359375,571.6432550655803,tycho,180,low sun (12/10 deg),0,LoFTR (pretrained),SUCCESS,0.37705373764038086,True,-8.385760319373592,0.853898573987322
379,151,0.39841688654353563,0.38786279683377306,0.7700736191604345,0.7604258053319002,1.0825264157751762,1.0,0.828125,364.8626907217951,tycho,180,low sun (12/10 deg),0,PC + learned descriptor,SUCCESS,0.21249079704284668,True,-8.385760319373592,0.853898573987322
125,7,0.056,0.008,373.15505477121,402.8670965117358,622.9741045436749,0.0,0.0625,176801.74200578273,tycho,180,low sun (12/10 deg),1,SIFT,REFUSED,1.283268928527832,False,-6.733910331009845,0.8883055825847007
431,291,0.6751740139211136,0.6705336426914154,0.3001244580076673,0.34128939673952524,0.5594451302827674,1.0,0.890625,142.19967360975673,tycho,180,low sun (12/10 deg),1,PC-SIFT,SUCCESS,0.9560737609863281,True,-6.733910331009845,0.8883055825847007
490,171,0.3489795918367347,0.3122448979591837,1.2713951586387988,1.2660664057435358,1.8342137410504225,0.985,0.40625,602.3900144214284,tycho,180,low sun (12/10 deg),1,LoFTR (pretrained),SUCCESS,0.37793779373168945,True,-6.733910331009845,0.8883055825847007
452,228,0.504424778761062,0.5066371681415929,0.8136721453489089,0.7778652444421802,0.9705695340759702,1.0,0.921875,385.5197749028821,tycho,180,low sun (12/10 deg),1,PC + learned descriptor,SUCCESS,0.21407794952392578,True,-6.733910331009845,0.8883055825847007
1172,1127,0.96160409556314,0.96160409556314,0.09049774597909338,0.09777338921921355,0.13762182999211928,1.0,0.953125,42.878044748745516,copernicus,0,high sun (35/30 deg),0,SIFT,SUCCESS,1.3181045055389404,True,13.980255179546653,0.9809114554907049
717,596,0.8312412831241283,0.8312412831241283,0.17272583944232411,0.17723844666424876,0.26169864899918016,1.0,0.796875,81.83790869867147,copernicus,0,high sun (35/30 deg),0,PC-SIFT,SUCCESS,1.8162858486175537,True,13.980255179546653,0.9809114554907049
4213,4099,0.9729408972228816,0.9724661761215286,0.18501090159306233,0.18586724742616437,0.24846969021593487,1.0,1.0,87.65860002022288,copernicus,0,high sun (35/30 deg),0,LoFTR (pretrained),SUCCESS,0.4718649387359619,True,13.980255179546653,0.9809114554907049
527,300,0.5692599620493358,0.5692599620493358,0.4272348736313712,0.4873052624509927,0.8109080712579975,1.0,0.8125,202.42488728970764,copernicus,0,high sun (35/30 deg),0,PC + learned descriptor,SUCCESS,0.23694467544555664,True,13.980255179546653,0.9809114554907049
1102,1054,0.956442831215971,0.956442831215971,0.11532116854987944,0.11648148661397206,0.15284257105617088,1.0,0.828125,54.63944070719376,copernicus,0,high sun (35/30 deg),1,SIFT,SUCCESS,1.376206636428833,True,12.033445126571998,1.1347515733417533
734,604,0.8228882833787466,0.8201634877384196,0.12636641162778156,0.14900747360940342,0.2435474895249038,1.0,0.796875,59.87270283799278,copernicus,0,high sun (35/30 deg),1,PC-SIFT,SUCCESS,0.9831621646881104,True,12.033445126571998,1.1347515733417533
3992,3820,0.9569138276553106,0.9564128256513026,0.19186477229843568,0.2133411217623416,0.3123391790375996,1.0,0.875,90.90598006961115,copernicus,0,high sun (35/30 deg),1,LoFTR (pretrained),SUCCESS,0.46240925788879395,True,12.033445126571998,1.1347515733417533
467,228,0.48822269807280516,0.4989293361884368,0.2854630671212004,0.48996883986336054,1.0302837012299713,1.0,0.703125,135.25307214794788,copernicus,0,high sun (35/30 deg),1,PC + learned descriptor,SUCCESS,0.21408700942993164,True,12.033445126571998,1.1347515733417533
163,80,0.49079754601226994,0.49693251533742333,0.3986957104207569,0.3985813597881749,0.5986375953891606,1.0,0.484375,188.9029646827162,copernicus,30,high sun (35/30 deg),0,SIFT,SUCCESS,1.2536725997924805,True,4.988163587907142,0.9786297556789244
313,168,0.536741214057508,0.5335463258785943,0.26020111721407213,0.3179700522686656,0.5541261894019659,1.0,0.71875,123.28390090683598,copernicus,30,high sun (35/30 deg),0,PC-SIFT,SUCCESS,0.9636163711547852,True,4.988163587907142,0.9786297556789244
3366,3080,0.9150326797385621,0.9117647058823529,0.2548292361896167,0.30042533092336265,0.49825200989352,1.0,1.0,120.7386910515016,copernicus,30,high sun (35/30 deg),0,LoFTR (pretrained),SUCCESS,0.443026065826416,True,4.988163587907142,0.9786297556789244
445,202,0.45393258426966293,0.45617977528089887,0.4092965913353039,0.5251132828950031,0.981041541686715,1.0,0.765625,193.9256869760988,copernicus,30,high sun (35/30 deg),0,PC + learned descriptor,SUCCESS,0.24039196968078613,True,4.988163587907142,0.9786297556789244
166,86,0.5180722891566265,0.5180722891566265,0.2095786568123667,0.2143663441662708,0.3129318801684175,1.0,0.46875,99.29886018662435,copernicus,30,high sun (35/30 deg),1,SIFT,SUCCESS,1.4039440155029297,True,-6.771416885037855,1.0918987828891171
311,164,0.5273311897106109,0.5209003215434084,0.3522654104986199,0.3536230168728733,0.5303251403426705,1.0,0.65625,166.90417945088308,copernicus,30,high sun (35/30 deg),1,PC-SIFT,SUCCESS,0.9373281002044678,True,-6.771416885037855,1.0918987828891171
2151,1785,0.8298465829846583,0.8349604834960483,0.2528054854280236,0.2786607548540503,0.43600801787052135,1.0,0.96875,119.77983318408086,copernicus,30,high sun (35/30 deg),1,LoFTR (pretrained),SUCCESS,0.42447924613952637,True,-6.771416885037855,1.0918987828891171
382,158,0.41361256544502617,0.418848167539267,0.26802689045857475,0.3057720088952667,0.49220561417759356,1.0,0.6875,126.9917706636014,copernicus,30,high sun (35/30 deg),1,PC + learned descriptor,SUCCESS,0.21355271339416504,True,-6.771416885037855,1.0918987828891171
105,6,0.05714285714285714,0.009523809523809525,392.2857047579584,422.69186075781204,658.0530651473224,0.0,0.078125,185865.88893375025,copernicus,60,high sun (35/30 deg),0,SIFT,REFUSED,1.4428222179412842,False,4.210835239926627,1.105526247111817
199,37,0.18592964824120603,0.17587939698492464,0.9674552308166939,1.174678089018224,2.1458850572583943,0.9263157894736842,0.34375,458.3825622457974,copernicus,60,high sun (35/30 deg),0,PC-SIFT,DEGRADED,0.9830913543701172,True,4.210835239926627,1.105526247111817
541,293,0.5415896487985212,0.5434380776340111,0.3713178136287778,0.5569529591008655,1.119209009597937,1.0,0.796875,175.9312528342884,copernicus,60,high sun (35/30 deg),0,LoFTR (pretrained),SUCCESS,0.38710761070251465,True,4.210835239926627,1.105526247111817
271,58,0.2140221402214022,0.2177121771217712,0.7720619354793279,0.8924800896543096,1.4243686281167836,1.0,0.546875,365.80475966698043,copernicus,60,high sun (35/30 deg),0,PC + learned descriptor,SUCCESS,0.2349238395690918,True,4.210835239926627,1.105526247111817
102,6,0.058823529411764705,0.029411764705882353,327.3346289012708,417.6673598033664,640.7977105835859,0.0,0.046875,155091.91653331503,copernicus,60,high sun (35/30 deg),1,SIFT,REFUSED,1.4179084300994873,False,-2.995651709235773,1.0421483867839647
212,38,0.1792452830188679,0.1792452830188679,0.45713119323625195,0.696402085623091,1.3526675241024295,1.0,0.375,216.58983378613217,copernicus,60,high sun (35/30 deg),1,PC-SIFT,DEGRADED,0.9458141326904297,True,-2.995651709235773,1.0421483867839647
433,244,0.5635103926096998,0.5612009237875288,0.44112279207234895,0.4668334242561963,0.6512360988416543,1.0,0.796875,209.00501568889166,copernicus,60,high sun (35/30 deg),1,LoFTR (pretrained),SUCCESS,0.36736440658569336,True,-2.995651709235773,1.0421483867839647
273,68,0.2490842490842491,0.23809523809523808,0.5918040410313725,0.8025213315597997,1.4480489909154308,1.0,0.5,280.39814560346946,copernicus,60,high sun (35/30 deg),1,PC + learned descriptor,SUCCESS,0.21414875984191895,True,-2.995651709235773,1.0421483867839647
115,5,0.043478260869565216,0.0,283.1942127659038,1718.1860500110984,1050.4645922750778,0.0,0.078125,134178.08362174447,copernicus,90,high sun (35/30 deg),0,SIFT,REFUSED,1.3901376724243164,False,6.279509236801125,1.0932644309752486
185,16,0.08648648648648649,0.08108108108108109,1.4425838655322178,1.6624289619409391,2.742719295014407,0.7340425531914894,0.21875,683.4996261055871,copernicus,90,high sun (35/30 deg),0,PC-SIFT,REFUSED,0.9565043449401855,True,6.279509236801125,1.0932644309752486
98,15,0.15306122448979592,0.16326530612244897,2.8151697002514036,4.126183955451742,7.759554802018032,0.32978723404255317,0.15625,1333.8340206901744,copernicus,90,high sun (35/30 deg),0,LoFTR (pretrained),DEGRADED,0.3415396213531494,False,6.279509236801125,1.0932644309752486
176,31,0.17613636363636365,0.1534090909090909,1.0162429141112217,1.0981994383142586,1.8055099794379832,0.973404255319149,0.375,481.4982812602097,copernicus,90,high sun (35/30 deg),0,PC + learned descriptor,DEGRADED,0.21091866493225098,True,6.279509236801125,1.0932644309752486
88,5,0.056818181818181816,0.0,180.10205343796915,209.7334352908185,363.0767499734524,0.0,0.0625,85332.77622669429,copernicus,90,high sun (35/30 deg),1,SIFT,REFUSED,1.625209093093872,False,10.940761231237637,0.9294635768979773
171,23,0.13450292397660818,0.1111111111111111,2.010324164300985,2.468396934103912,4.219339162667387,0.4975,0.265625,952.4963140661598,copernicus,90,high sun (35/30 deg),1,PC-SIFT,REFUSED,0.8583431243896484,False,10.940761231237637,0.9294635768979773
239,112,0.4686192468619247,0.39330543933054396,1.2356027587941136,1.3107007679643579,1.810092471264846,0.9775,0.609375,585.4314912493712,copernicus,90,high sun (35/30 deg),1,LoFTR (pretrained),SUCCESS,0.36842846870422363,True,10.940761231237637,0.9294635768979773
231,40,0.17316017316017315,0.16883116883116883,1.2690411192338318,1.2963442505640994,1.8427893657044159,0.9725,0.421875,601.2746650184741,copernicus,90,high sun (35/30 deg),1,PC + learned descriptor,SUCCESS,0.21484971046447754,True,10.940761231237637,0.9294635768979773
110,5,0.045454545454545456,0.0,222.27218260969897,2231.573612368823,1127.2542770123412,0.0,0.078125,105313.08254397572,copernicus,120,high sun (35/30 deg),0,SIFT,REFUSED,1.2098650932312012,False,12.35918890245648,0.8983726771039567
172,13,0.0755813953488372,0.09302325581395349,1.3581118890246788,2.0005979792188735,3.9958145017221995,0.71,0.15625,643.476605095296,copernicus,120,high sun (35/30 deg),0,PC-SIFT,REFUSED,0.8703908920288086,True,12.35918890245648,0.8983726771039567
159,58,0.36477987421383645,0.33962264150943394,1.2921350987060753,1.536134192792838,2.4783677016753036,0.855,0.375,612.2166467719891,copernicus,120,high sun (35/30 deg),0,LoFTR (pretrained),SUCCESS,0.35375285148620605,True,12.35918890245648,0.8983726771039567
226,46,0.20353982300884957,0.18141592920353983,0.7502295236697489,0.9289412375816942,1.6148052356174956,0.9975,0.40625,355.460511637196,copernicus,120,high sun (35/30 deg),0,PC + learned descriptor,SUCCESS,0.2098093032836914,True,12.35918890245648,0.8983726771039567
92,5,0.05434782608695652,0.0,244.87649835095402,339.30666686000916,409.1254683846614,0.0,0.0625,116023.06047085377,copernicus,120,high sun (35/30 deg),1,SIFT,REFUSED,2.400313138961792,False,-8.910265025755635,1.064467627167696
194,39,0.20103092783505155,0.19072164948453607,0.9425429059593575,1.4299030771904848,2.7980850138854936,0.8184210526315789,0.28125,446.5790441750276,copernicus,120,high sun (35/30 deg),1,PC-SIFT,DEGRADED,1.3212108612060547,True,-8.910265025755635,1.064467627167696
196,34,0.17346938775510204,0.11734693877551021,1.842857322851353,2.01673598773248,2.9876508187672943,0.6342105263157894,0.25,873.1501309770555,copernicus,120,high sun (35/30 deg),1,LoFTR (pretrained),DEGRADED,0.3674764633178711,True,-8.910265025755635,1.064467627167696
256,60,0.234375,0.21484375,0.7257703254603451,0.9349248918649427,1.727029031455796,0.968421052631579,0.484375,343.87168603723535,copernicus,120,high sun (35/30 deg),1,PC + learned descriptor,SUCCESS,0.20973873138427734,True,-8.910265025755635,1.064467627167696
98,6,0.061224489795918366,0.0,639.7004585524683,19453.02026289271,5770.947619747031,0.0,0.0625,303091.58079961885,copernicus,150,high sun (35/30 deg),0,SIFT,REFUSED,1.2142252922058105,False,-1.3838926566279888,0.9673963926266287
306,178,0.5816993464052288,0.5686274509803921,0.3338008117119565,0.4783644373299995,0.9180182922615501,1.0,0.71875,158.15560914698747,copernicus,150,high sun (35/30 deg),0,PC-SIFT,SUCCESS,0.8215324878692627,True,-1.3838926566279888,0.9673963926266287
702,297,0.4230769230769231,0.37606837606837606,0.8555467435956832,1.1183528620357035,2.197944955443314,0.9325,0.59375,405.3600579733104,copernicus,150,high sun (35/30 deg),0,LoFTR (pretrained),SUCCESS,0.35962510108947754,True,-1.3838926566279888,0.9673963926266287
422,196,0.46445497630331756,0.4597156398104265,0.3270172926508087,0.42445313316595906,0.7751658257975316,1.0,0.796875,154.94156187198618,copernicus,150,high sun (35/30 deg),0,PC + learned descriptor,SUCCESS,0.21296405792236328,True,-1.3838926566279888,0.9673963926266287
90,5,0.05555555555555555,0.0,340.00229632736136,463.80357197562336,862.5019567056929,0.0,0.0625,161093.88713359516,copernicus,150,high sun (35/30 deg),1,SIFT,REFUSED,1.5905773639678955,False,1.3356607999478385,1.0854210995827427
324,152,0.4691358024691358,0.4660493827160494,0.2548718404563022,0.38275890971391485,0.7639896628842366,1.0,0.671875,120.75887705319327,copernicus,150,high sun (35/30 deg),1,PC-SIFT,SUCCESS,1.8651106357574463,True,1.3356607999478385,1.0854210995827427
585,166,0.28376068376068375,0.22905982905982905,0.9512397689540308,1.0927555425208342,1.74801661477338,0.9925,0.640625,450.6996383028135,copernicus,150,high sun (35/30 deg),1,LoFTR (pretrained),SUCCESS,0.3656628131866455,True,1.3356607999478385,1.0854210995827427
388,149,0.38402061855670105,0.39690721649484534,0.33026565299878713,0.42914559823122234,0.8136185772597156,1.0,0.796875,156.4806426397309,copernicus,150,high sun (35/30 deg),1,PC + learned descriptor,SUCCESS,0.26084184646606445,True,1.3356607999478385,1.0854210995827427
105,5,0.047619047619047616,0.0,404.7236537902619,434.5851727014851,657.1952112289661,0.0,0.0625,191759.01841912916,copernicus,180,high sun (35/30 deg),0,SIFT,REFUSED,1.3252904415130615,False,2.875751607209722,1.0168371864914838
839,707,0.8426698450536353,0.8390941597139452,0.16852126810329332,0.2507386115367345,0.4909144900492184,1.0,0.875,79.84577291590949,copernicus,180,high sun (35/30 deg),0,PC-SIFT,SUCCESS,0.9103856086730957,True,2.875751607209722,1.0168371864914838
1232,368,0.2987012987012987,0.26136363636363635,1.2989089255671467,1.585988155442753,2.6220511940335673,0.7975,0.734375,615.4261018598138,copernicus,180,high sun (35/30 deg),0,LoFTR (pretrained),SUCCESS,0.392714262008667,True,2.875751607209722,1.0168371864914838
685,467,0.6817518248175183,0.6744525547445256,0.29016745606044286,0.3096794897984766,0.483131374098889,1.0,0.84375,137.4820226844501,copernicus,180,high sun (35/30 deg),0,PC + learned descriptor,SUCCESS,0.2123575210571289,True,2.875751607209722,1.0168371864914838
96,5,0.052083333333333336,0.0,348.5477355017001,603.7684269782877,625.155630236779,0.0,0.078125,165142.73629940342,copernicus,180,high sun (35/30 deg),1,SIFT,REFUSED,1.4027481079101562,False,-5.966421488813234,1.158929951225845
589,443,0.7521222410865874,0.7521222410865874,0.17601943538477796,0.32061774619101824,0.6660130756850874,1.0,0.71875,83.39842219739936,copernicus,180,high sun (35/30 deg),1,PC-SIFT,SUCCESS,1.2128736972808838,True,-5.966421488813234,1.158929951225845
665,158,0.23759398496240602,0.14736842105263157,3.65041790315502,3.719798045465308,4.707521179905233,0.014204545454545454,0.640625,1729.5765823743538,copernicus,180,high sun (35/30 deg),1,LoFTR (pretrained),SUCCESS,0.37935423851013184,False,-5.966421488813234,1.158929951225845
416,193,0.4639423076923077,0.45913461538461536,0.35819614256916155,0.555801626047702,1.1235043759129038,1.0,0.625,169.71417424536395,copernicus,180,high sun (35/30 deg),1,PC + learned descriptor,SUCCESS,0.2384028434753418,True,-5.966421488813234,1.158929951225845
1715,1676,0.9772594752186589,0.9772594752186589,0.14399406616937482,0.14048187596444284,0.15855437212493312,1.0,0.9375,68.22472699143938,copernicus,0,low sun (12/10 deg),0,SIFT,SUCCESS,1.4340519905090332,True,9.102496836879055,1.1188684766749242
1039,920,0.8854667949951877,0.8854667949951877,0.17159823857703815,0.1882944936336446,0.2950423692649776,1.0,0.875,81.30364875841147,copernicus,0,low sun (12/10 deg),0,PC-SIFT,SUCCESS,1.0005266666412354,True,9.102496836879055,1.1188684766749242
4377,4324,0.9878912497144162,0.987205848754855,0.222925043963769,0.21626806311582708,0.2582654712424854,1.0,0.9375,105.62240978800463,copernicus,0,low sun (12/10 deg),0,LoFTR (pretrained),SUCCESS,0.47434329986572266,True,9.102496836879055,1.1188684766749242
613,380,0.6199021207177814,0.6199021207177814,0.25641623079960507,0.3471848142721022,0.6561741041798645,1.0,0.828125,121.49061282775024,copernicus,0,low sun (12/10 deg),0,PC + learned descriptor,SUCCESS,0.2171480655670166,True,9.102496836879055,1.1188684766749242
1580,1539,0.9740506329113924,0.9746835443037974,0.12286387136539817,0.12368549963007965,0.1366688398932364,1.0,0.890625,58.21319102938428,copernicus,0,low sun (12/10 deg),1,SIFT,SUCCESS,1.4372093677520752,True,-8.137993587350978,1.1698400388577685
834,705,0.8453237410071942,0.8441247002398081,0.15226729231597164,0.18185757348587508,0.3082163786782761,1.0,0.8125,72.14460098490018,copernicus,0,low sun (12/10 deg),1,PC-SIFT,SUCCESS,0.999763011932373,True,-8.137993587350978,1.1698400388577685
4036,3951,0.9789395441030724,0.9784440039643211,0.18646258400994561,0.2219313002242326,0.3524797910700507,1.0,0.875,88.34641056134363,copernicus,0,low sun (12/10 deg),1,LoFTR (pretrained),SUCCESS,0.47791194915771484,True,-8.137993587350978,1.1698400388577685
467,256,0.5481798715203426,0.5524625267665952,0.40563509422780075,0.5383827131601906,0.9918430452171583,1.0,0.734375,192.190861040664,copernicus,0,low sun (12/10 deg),1,PC + learned descriptor,SUCCESS,0.25732970237731934,True,-8.137993587350978,1.1698400388577685
202,89,0.4405940594059406,0.4405940594059406,0.5260204948613627,0.6361540776193408,1.1718425204430016,1.0,0.40625,249.22974681196285,copernicus,30,low sun (12/10 deg),0,SIFT,SUCCESS,1.3403074741363525,True,-11.449527622487341,1.0387203929757476
411,247,0.6009732360097324,0.5985401459854015,0.33586409920359434,0.43602573945431233,0.7974176610535064,1.0,0.828125,159.1331996100296,copernicus,30,low sun (12/10 deg),0,PC-SIFT,SUCCESS,0.9751598834991455,True,-11.449527622487341,1.0387203929757476
1141,862,0.7554776511831727,0.7519719544259421,0.26359457827199195,0.2910362296959848,0.4691829055468919,1.0,0.890625,124.89173073199235,copernicus,30,low sun (12/10 deg),0,LoFTR (pretrained),SUCCESS,0.3929927349090576,True,-11.449527622487341,1.0387203929757476
425,187,0.44,0.43529411764705883,0.2665432091320079,0.3637222281344854,0.7035835268513735,1.0,0.71875,126.28879896386306,copernicus,30,low sun (12/10 deg),0,PC + learned descriptor,SUCCESS,0.21223855018615723,True,-11.449527622487341,1.0387203929757476
197,110,0.5583756345177665,0.5583756345177665,0.2545185985593237,0.44194149134327465,0.9214925103968172,1.0,0.578125,120.59151021215311,copernicus,30,low sun (12/10 deg),1,SIFT,SUCCESS,1.2759571075439453,True,6.639127780587732,0.9385873564730502
305,177,0.580327868852459,0.580327868852459,0.3307525839718376,0.48542851353975175,0.9469083228718123,1.0,0.765625,156.71135167923373,copernicus,30,low sun (12/10 deg),1,PC-SIFT,SUCCESS,0.8678605556488037,True,6.639127780587732,0.9385873564730502
4051,3921,0.9679091582325352,0.9664280424586522,0.22450049471100553,0.23209981828309734,0.34435081583611304,1.0,1.0,106.36886205494903,copernicus,30,low sun (12/10 deg),1,LoFTR (pretrained),SUCCESS,0.46631813049316406,True,6.639127780587732,0.9385873564730502
484,226,0.4669421487603306,0.4690082644628099,0.15808007473046937,0.21397117562027668,0.4143497377257892,1.0,0.828125,74.89871095512125,copernicus,30,low sun (12/10 deg),1,PC + learned descriptor,SUCCESS,0.2139885425567627,True,6.639127780587732,0.9385873564730502
117,6,0.05128205128205128,0.03418803418803419,244.04936386237853,3708.810908662941,2232.699809475169,0.0,0.078125,115631.16220608854,copernicus,60,low sun (12/10 deg),0,SIFT,REFUSED,1.4553966522216797,False,7.251650769774258,0.8760671033693599
180,37,0.20555555555555555,0.20555555555555555,0.8230290989928342,0.8793450466262663,1.3844790502083808,0.995,0.375,389.9531215317457,copernicus,60,low sun (12/10 deg),0,PC-SIFT,DEGRADED,0.8665542602539062,True,7.251650769774258,0.8760671033693599
992,791,0.7973790322580645,0.7883064516129032,0.23770693933585402,0.2619721075233893,0.41812010469433103,1.0,0.96875,112.62610655833038,copernicus,60,low sun (12/10 deg),0,LoFTR (pretrained),SUCCESS,0.39020609855651855,True,7.251650769774258,0.8760671033693599
267,53,0.19850187265917604,0.19101123595505617,1.0565961133758217,1.0974149163965072,1.6314343680005807,0.975,0.46875,500.61772191702215,copernicus,60,low sun (12/10 deg),0,PC + learned descriptor,SUCCESS,0.21415209770202637,True,7.251650769774258,0.8760671033693599
112,5,0.044642857142857144,0.03571428571428571,368.7756773085407,26367.910025501576,1371.4027510221472,0.0,0.0625,174726.78267078046,copernicus,60,low sun (12/10 deg),1,SIFT,REFUSED,1.3717613220214844,False,-5.916831695101401,1.0312078391163564
241,58,0.24066390041493776,0.22406639004149378,0.33051527533847974,0.42963712871682325,0.7976558319614184,1.0,0.46875,156.59891429098394,copernicus,60,low sun (12/10 deg),1,PC-SIFT,SUCCESS,0.9504947662353516,True,-5.916831695101401,1.0312078391163564
810,561,0.6925925925925925,0.6802469135802469,0.20157366709160185,0.2308677825811566,0.3552739835742028,1.0,0.9375,95.50607724217956,copernicus,60,low sun (12/10 deg),1,LoFTR (pretrained),SUCCESS,0.3755364418029785,True,-5.916831695101401,1.0312078391163564
313,96,0.30670926517571884,0.3003194888178914,0.631854955262257,0.656434208681183,0.952655049307503,1.0,0.609375,299.3743629008236,copernicus,60,low sun (12/10 deg),1,PC + learned descriptor,SUCCESS,0.21310687065124512,True,-5.916831695101401,1.0312078391163564
117,6,0.05128205128205128,0.0,148.54512408870372,8346.485166982988,1903.4915697582123,0.0,0.0625,70381.0289303208,copernicus,90,low sun (12/10 deg),0,SIFT,REFUSED,2.0885539054870605,False,12.358674564906021,0.9706244385939408
183,33,0.18032786885245902,0.16939890710382513,1.0132004118567046,1.2753138672331141,2.3368104664822096,0.9040404040404041,0.3125,480.05673654099115,copernicus,90,low sun (12/10 deg),0,PC-SIFT,DEGRADED,1.0643062591552734,True,12.358674564906021,0.9706244385939408
175,70,0.4,0.38285714285714284,0.7255591264056579,0.7116808051898225,0.9057508716073976,1.0,0.53125,343.7716194287271,copernicus,90,low sun (12/10 deg),0,LoFTR (pretrained),SUCCESS,0.36609435081481934,True,12.358674564906021,0.9706244385939408
248,44,0.1774193548387097,0.1774193548387097,0.49764762796469775,0.6621596963812559,1.2656654008672077,1.0,0.390625,235.7866157893797,copernicus,90,low sun (12/10 deg),0,PC + learned descriptor,SUCCESS,0.2138810157775879,True,12.358674564906021,0.9706244385939408
109,6,0.05504587155963303,0.0,275.3971073320027,400.4499101734666,481.6367166939613,0.0,0.078125,130483.79674102225,copernicus,90,low sun (12/10 deg),1,SIFT,REFUSED,1.4276058673858643,False,-2.768959631528702,1.1005447493095892
183,10,0.0546448087431694,0.07650273224043716,7.43911730763525,10.859474644164152,20.236827743172675,0.16326530612244897,0.109375,3524.6712650902987,copernicus,90,low sun (12/10 deg),1,PC-SIFT,REFUSED,0.9704020023345947,False,-2.768959631528702,1.1005447493095892
143,26,0.18181818181818182,0.15384615384615385,1.3589255990014584,1.4961914501606504,2.312159582406307,0.8826530612244898,0.296875,643.8621427948196,copernicus,90,low sun (12/10 deg),1,LoFTR (pretrained),DEGRADED,0.35573792457580566,True,-2.768959631528702,1.1005447493095892
271,38,0.14022140221402213,0.15129151291512916,0.5717744799695896,0.8007743382435815,1.5822639472582432,1.0,0.453125,270.9080924953704,copernicus,90,low sun (12/10 deg),1,PC + learned descriptor,REFUSED,0.21076297760009766,True,-2.768959631528702,1.1005447493095892
117,6,0.05128205128205128,0.0,364.69219804097315,51667.38690244645,2218.778906712737,0.0,0.0625,172792.02059608983,copernicus,120,low sun (12/10 deg),0,SIFT,REFUSED,2.0891215801239014,False,-6.075539386755528,0.9190536185945855
184,30,0.16304347826086957,0.15217391304347827,0.6363489450256459,0.869350666834664,1.5099521321560243,0.98,0.28125,301.503625813289,copernicus,120,low sun (12/10 deg),0,PC-SIFT,DEGRADED,1.619410514831543,True,-6.075539386755528,0.9190536185945855
175,42,0.24,0.21142857142857144,1.2957468438876656,1.4316362817328385,2.209100433389789,0.9025,0.34375,613.9279001279906,copernicus,120,low sun (12/10 deg),0,LoFTR (pretrained),SUCCESS,0.3692965507507324,True,-6.075539386755528,0.9190536185945855
269,70,0.26022304832713755,0.2527881040892193,0.7509943529943572,0.9133672218842948,1.5726363039483164,0.9775,0.578125,355.8228895688329,copernicus,120,low sun (12/10 deg),0,PC + learned descriptor,SUCCESS,0.21069645881652832,True,-6.075539386755528,0.9190536185945855
91,5,0.054945054945054944,0.0,366.46802873027775,816.969963521344,633.3383956916625,0.0,0.0625,173633.41335055456,copernicus,120,low sun (12/10 deg),1,SIFT,REFUSED,1.3845717906951904,False,8.895997913091676,1.0610364026737935
200,39,0.195,0.185,0.5382446695944817,0.945429520541123,1.977594339729146,0.95,0.375,255.02158953193788,copernicus,120,low sun (12/10 deg),1,PC-SIFT,DEGRADED,0.9701478481292725,True,8.895997913091676,1.0610364026737935
171,52,0.30409356725146197,0.19883040935672514,1.6224554826109259,1.8910250750074438,2.927909495233954,0.6657894736842105,0.421875,768.723221043651,copernicus,120,low sun (12/10 deg),1,LoFTR (pretrained),SUCCESS,0.3585991859436035,True,8.895997913091676,1.0610364026737935
263,59,0.22433460076045628,0.22053231939163498,0.6591961040682182,0.8237182326676066,1.4576197034135037,0.9973684210526316,0.484375,312.3286634671045,copernicus,120,low sun (12/10 deg),1,PC + learned descriptor,SUCCESS,0.21119236946105957,True,8.895997913091676,1.0610364026737935
107,6,0.056074766355140186,0.0,332.0245828114743,437.13994415833207,606.5027859252102,0.0,0.0625,157314.02771913086,copernicus,150,low sun (12/10 deg),0,SIFT,REFUSED,1.586595058441162,False,-3.1741863647676016,1.0780813795606456
273,97,0.3553113553113553,0.3626373626373626,0.5591571445014867,0.7383659238408833,1.2969509941682194,0.995,0.65625,264.9299692950839,copernicus,150,low sun (12/10 deg),0,PC-SIFT,SUCCESS,1.9160795211791992,True,-3.1741863647676016,1.0780813795606456
839,261,0.3110846245530393,0.2789034564958284,0.9599380213348618,1.5841648770608512,3.280783334864247,0.8125,0.65625,454.8208907250265,copernicus,150,low sun (12/10 deg),0,LoFTR (pretrained),SUCCESS,0.37561535835266113,True,-3.1741863647676016,1.0780813795606456
391,151,0.38618925831202044,0.391304347826087,0.5793820467434166,0.7078734216025155,1.2360675757863988,1.0,0.78125,274.51257551346214,copernicus,150,low sun (12/10 deg),0,PC + learned descriptor,SUCCESS,0.237288236618042,True,-3.1741863647676016,1.0780813795606456
121,6,0.049586776859504134,0.0,582.7909225609703,22464.459832108176,6606.199317101015,0.0,0.078125,276127.70888796356,copernicus,150,low sun (12/10 deg),1,SIFT,REFUSED,1.4025254249572754,False,-11.543880324799664,1.1371225026540361
251,86,0.3426294820717131,0.3346613545816733,0.7104820385373263,1.2378942847388767,2.6595491551849944,0.9051724137931034,0.546875,336.62805975986595,copernicus,150,low sun (12/10 deg),1,PC-SIFT,SUCCESS,0.9969947338104248,True,-11.543880324799664,1.1371225026540361
685,186,0.27153284671532846,0.24233576642335766,1.3029566764279383,1.3707365735659698,1.8662380125228262,0.985632183908046,0.609375,617.3439357313988,copernicus,150,low sun (12/10 deg),1,LoFTR (pretrained),SUCCESS,0.38257718086242676,True,-11.543880324799664,1.1371225026540361
342,80,0.23391812865497075,0.23976608187134502,0.5294769840231108,0.6249646531612348,1.0377979737559881,1.0,0.5625,250.8674395008529,copernicus,150,low sun (12/10 deg),1,PC + learned descriptor,SUCCESS,0.21528315544128418,True,-11.543880324799664,1.1371225026540361
113,5,0.04424778761061947,0.0,308.85600078706557,333.4754612242465,528.3675923476844,0.0,0.078125,146336.69910105588,copernicus,180,low sun (12/10 deg),0,SIFT,REFUSED,1.3574554920196533,False,-13.968049010156014,1.1147587875909424
557,402,0.7217235188509874,0.7217235188509874,0.3102085259443695,0.45241557699246415,0.8896579554073731,1.0,0.75,146.97752869953098,copernicus,180,low sun (12/10 deg),0,PC-SIFT,SUCCESS,1.257230520248413,True,-13.968049010156014,1.1147587875909424
621,158,0.25442834138486314,0.2560386473429952,0.7389938032440964,0.8583988144780554,1.4454190295390537,1.0,0.640625,350.1370008913392,copernicus,180,low sun (12/10 deg),0,LoFTR (pretrained),SUCCESS,0.3874239921569824,True,-13.968049010156014,1.1147587875909424
443,190,0.4288939051918736,0.4221218961625282,0.4583926799407164,0.5490170154062921,0.9208767388895523,1.0,0.6875,217.18752915167718,copernicus,180,low sun (12/10 deg),0,PC + learned descriptor,SUCCESS,0.2442474365234375,True,-13.968049010156014,1.1147587875909424
110,5,0.045454545454545456,0.0,353.18017465761466,1193.6198015538757,806.6075780648489,0.0,0.0625,167337.59685945575,copernicus,180,low sun (12/10 deg),1,SIFT,REFUSED,1.307917594909668,False,-7.643431680364499,0.9599762852367935
547,436,0.7970749542961609,0.7952468007312614,0.26371189696723546,0.3329632731316238,0.6075641838733099,1.0,0.828125,124.94731660554193,copernicus,180,low sun (12/10 deg),1,PC-SIFT,SUCCESS,0.9288234710693359,True,-7.643431680364499,0.9599762852367935
1575,577,0.36634920634920637,0.3676190476190476,0.46750450147161243,0.47963729278471406,0.7299566138946307,1.0,0.8125,221.50473160923454,copernicus,180,low sun (12/10 deg),1,LoFTR (pretrained),SUCCESS,0.4106419086456299,True,-7.643431680364499,0.9599762852367935
600,375,0.625,0.6283333333333333,0.3597267753026957,0.48014272144085735,0.8787967199105711,1.0,0.859375,170.4393916320769,copernicus,180,low sun (12/10 deg),1,PC + learned descriptor,SUCCESS,0.21431326866149902,True,-7.643431680364499,0.9599762852367935
530,468,0.8830188679245283,0.8830188679245283,0.0974300013601522,0.12152733794174635,0.21200022706571514,1.0,0.65625,46.16256364170712,aristarchus,0,high sun (35/30 deg),0,SIFT,SUCCESS,0.9699692726135254,True,-1.8978184534104798,0.993479136981258
574,465,0.8101045296167247,0.8083623693379791,0.23794289220646617,0.3926900727659562,0.8212403125816288,1.0,0.671875,112.73790158300469,aristarchus,0,high sun (35/30 deg),0,PC-SIFT,SUCCESS,0.5613439083099365,True,-1.8978184534104798,0.993479136981258
2876,2574,0.8949930458970793,0.8929068150208623,0.16131634869988265,0.27884116699882,0.5648494250771857,1.0,0.953125,76.43206516829426,aristarchus,0,high sun (35/30 deg),0,LoFTR (pretrained),SUCCESS,0.45652103424072266,True,-1.8978184534104798,0.993479136981258
742,459,0.6185983827493261,0.6132075471698113,0.3126040580258059,0.45091495868181325,0.8938869719047107,1.0,0.71875,148.11253743011983,aristarchus,0,high sun (35/30 deg),0,PC + learned descriptor,SUCCESS,0.21257448196411133,True,-1.8978184534104798,0.993479136981258
530,483,0.9113207547169812,0.9113207547169812,0.09206397540823003,0.14038882311255263,0.26463650220449875,1.0,0.640625,43.62012793350061,aristarchus,0,high sun (35/30 deg),1,SIFT,SUCCESS,1.3069543838500977,True,-2.5555090464434453,1.0577234420864905
512,396,0.7734375,0.767578125,0.16053826797742465,0.21641538900428908,0.4117102229110376,1.0,0.578125,76.06340869321036,aristarchus,0,high sun (35/30 deg),1,PC-SIFT,SUCCESS,0.5786499977111816,True,-2.5555090464434453,1.0577234420864905
2789,2433,0.8723556830405164,0.8737898888490498,0.16112414958577664,0.1984942334701365,0.3550226911013593,1.0,0.890625,76.34100077629039,aristarchus,0,high sun (35/30 deg),1,LoFTR (pretrained),SUCCESS,0.4216456413269043,True,-2.5555090464434453,1.0577234420864905
660,401,0.6075757575757575,0.6060606060606061,0.19818124779637006,0.27392072659971833,0.507817812449929,1.0,0.671875,93.8987410066333,aristarchus,0,high sun (35/30 deg),1,PC + learned descriptor,SUCCESS,0.2176206111907959,True,-2.5555090464434453,1.0577234420864905
119,40,0.33613445378151263,0.33613445378151263,0.6594247304772596,0.7578892518444654,1.1939943734652307,1.0,0.28125,312.4369871970667,aristarchus,30,high sun (35/30 deg),0,SIFT,DEGRADED,0.982903242111206,True,-8.30440618677117,1.0998341230636484
259,102,0.3938223938223938,0.3861003861003861,0.7457837454852447,1.3303691561128366,2.8122953561674318,0.8413978494623656,0.453125,353.3540914841216,aristarchus,30,high sun (35/30 deg),0,PC-SIFT,SUCCESS,0.5273017883300781,True,-8.30440618677117,1.0998341230636484
1562,1228,0.7861715749039693,0.7861715749039693,0.31760716812592715,0.49000785755947446,1.0015691475180373,1.0,0.734375,150.48302275475388,aristarchus,30,high sun (35/30 deg),0,LoFTR (pretrained),SUCCESS,0.41263651847839355,True,-8.30440618677117,1.0998341230636484
411,142,0.34549878345498786,0.3381995133819951,0.5813819053706883,0.8600203651599623,1.6932931599336811,1.0,0.546875,275.4601132314859,aristarchus,30,high sun (35/30 deg),0,PC + learned descriptor,SUCCESS,0.2140817642211914,True,-8.30440618677117,1.0998341230636484
108,50,0.46296296296296297,0.4537037037037037,0.6523022453150309,0.8092845600985197,1.448487331539907,1.0,0.34375,309.062336986675,aristarchus,30,high sun (35/30 deg),1,SIFT,SUCCESS,1.4986565113067627,True,2.398567304425864,0.9908760821314562
272,121,0.44485294117647056,0.4485294117647059,0.4853811386698672,0.5978856347700822,1.0181103553262163,1.0,0.5,229.97472433061057,aristarchus,30,high sun (35/30 deg),1,PC-SIFT,SUCCESS,1.0021092891693115,True,2.398567304425864,0.9908760821314562
2280,1921,0.8425438596491228,0.8399122807017544,0.3039443241602692,0.46933926590991076,0.9575680401813377,1.0,0.828125,144.00953517098634,aristarchus,30,high sun (35/30 deg),1,LoFTR (pretrained),SUCCESS,0.4156520366668701,True,2.398567304425864,0.9908760821314562
515,228,0.44271844660194176,0.44660194174757284,0.5838533731151014,1.0009150670690743,2.1250945726376003,0.9375,0.640625,276.6311004576706,aristarchus,30,high sun (35/30 deg),1,PC + learned descriptor,SUCCESS,0.2366166114807129,True,2.398567304425864,0.9908760821314562
62,5,0.08064516129032258,0.016129032258064516,381.9848439954321,448.57115798738454,735.8514231036518,0.0,0.0625,180985.3168935556,aristarchus,60,high sun (35/30 deg),0,SIFT,REFUSED,1.0387954711914062,False,1.8104382975584379,1.0765925460096253
163,38,0.2331288343558282,0.2331288343558282,0.3030088703750497,0.5242434500718672,1.0660508534153954,1.0,0.3125,143.56631496887996,aristarchus,60,high sun (35/30 deg),0,PC-SIFT,DEGRADED,0.5789024829864502,True,1.8104382975584379,1.0765925460096253
897,489,0.5451505016722408,0.5406911928651059,0.7645574334136374,1.1764783942744093,2.2406029815338293,0.895,0.6875,362.2491089498447,aristarchus,60,high sun (35/30 deg),0,LoFTR (pretrained),SUCCESS,0.36563706398010254,True,1.8104382975584379,1.0765925460096253
324,68,0.20987654320987653,0.21296296296296297,0.9811812612921332,1.9144561170156087,4.4797579449962805,0.8025,0.46875,464.88598774641144,aristarchus,60,high sun (35/30 deg),0,PC + learned descriptor,SUCCESS,0.21252679824829102,True,1.8104382975584379,1.0765925460096253
79,6,0.0759493670886076,0.06329113924050633,93.48253790447491,3777.9390491659988,946.8520052412936,0.0025,0.0625,44292.246178378584,aristarchus,60,high sun (35/30 deg),1,SIFT,REFUSED,0.760230541229248,False,4.397751431105789,0.8518627759224262
143,7,0.04895104895104895,0.11888111888111888,250.1927678679243,558.8118532227245,574.7381126034509,0.0,0.0625,118541.92146323367,aristarchus,60,high sun (35/30 deg),1,PC-SIFT,REFUSED,0.5782339572906494,False,4.397751431105789,0.8518627759224262
1194,818,0.6850921273031826,0.6884422110552764,0.2619212877633529,0.38508850151821483,0.7617590890615927,1.0,0.796875,124.09892175613508,aristarchus,60,high sun (35/30 deg),1,LoFTR (pretrained),SUCCESS,0.40280747413635254,True,4.397751431105789,0.8518627759224262
257,59,0.22957198443579765,0.2178988326848249,0.8045385714348097,0.9461801298560361,1.5975752360722462,0.9875,0.453125,381.1922661150368,aristarchus,60,high sun (35/30 deg),1,PC + learned descriptor,SUCCESS,0.21130061149597168,True,4.397751431105789,0.8518627759224262
80,5,0.0625,0.0125,494.577072947009,987.6840071826263,2025.2981367284965,0.0,0.0625,234331.77960503584,aristarchus,90,high sun (35/30 deg),0,SIFT,REFUSED,1.048095703125,False,12.222954313783966,0.9450409877925918
164,20,0.12195121951219512,0.0975609756097561,1.6336232812821416,3.273653869775329,7.5490452996456785,0.6075,0.21875,774.014550302614,aristarchus,90,high sun (35/30 deg),0,PC-SIFT,REFUSED,0.5252132415771484,True,12.222954313783966,0.9450409877925918
589,216,0.366723259762309,0.35144312393887944,1.6495324291966935,2.058886214487686,3.765467042699377,0.61,0.609375,781.5523419770294,aristarchus,90,high sun (35/30 deg),0,LoFTR (pretrained),SUCCESS,0.3743283748626709,True,12.222954313783966,0.9450409877925918
257,43,0.16731517509727625,0.16731517509727625,1.4198242926563964,2.383955714040531,4.915527717286089,0.6325,0.359375,672.7160869834387,aristarchus,90,high sun (35/30 deg),0,PC + learned descriptor,SUCCESS,0.21099448204040527,True,12.222954313783966,0.9450409877925918
82,5,0.06097560975609756,0.012195121951219513,268.6705282628267,290.6163353631291,440.45610586412045,0.0,0.0625,127296.72776804767,aristarchus,90,high sun (35/30 deg),1,SIFT,REFUSED,0.7948172092437744,False,6.570027183392067,0.9103062411207833
160,26,0.1625,0.15625,1.4023688706748398,2.21058629412704,4.400474795999113,0.635,0.25,664.4456670217489,aristarchus,90,high sun (35/30 deg),1,PC-SIFT,DEGRADED,0.5541384220123291,True,6.570027183392067,0.9103062411207833
618,251,0.40614886731391586,0.40614886731391586,0.46338863823726667,0.7191701989318524,1.4180656336794377,1.0,0.609375,219.55462593496986,aristarchus,90,high sun (35/30 deg),1,LoFTR (pretrained),SUCCESS,0.366013765335083,True,6.570027183392067,0.9103062411207833
249,55,0.22088353413654618,0.20883534136546184,0.6859367266007173,0.8611539846553394,1.5800515034151525,0.9875,0.4375,324.99843327355575,aristarchus,90,high sun (35/30 deg),1,PC + learned descriptor,SUCCESS,0.21683740615844727,True,6.570027183392067,0.9103062411207833
68,5,0.07352941176470588,0.0,247.23841063936456,253.72095111994756,372.88248898437206,0.0,0.0625,117142.1400644878,aristarchus,120,high sun (35/30 deg),0,SIFT,REFUSED,1.1077792644500732,False,-0.11547281766709361,1.0452149639539394
182,46,0.25274725274725274,0.23076923076923078,1.1303949384277145,1.7387594696977156,3.387711480476846,0.745,0.34375,535.5837786816948,aristarchus,120,high sun (35/30 deg),0,PC-SIFT,SUCCESS,1.0534486770629883,True,-0.11547281766709361,1.0452149639539394
278,69,0.24820143884892087,0.17625899280575538,3.798870390496507,7.675268343528827,16.93947482274632,0.31,0.296875,1799.913719796112,aristarchus,120,high sun (35/30 deg),0,LoFTR (pretrained),DEGRADED,0.3788948059082031,False,-0.11547281766709361,1.0452149639539394
307,71,0.23127035830618892,0.2280130293159609,0.912782267990419,1.4488189638575388,3.067266216749284,0.8525,0.421875,432.4783839566156,aristarchus,120,high sun (35/30 deg),0,PC + learned descriptor,SUCCESS,0.23659443855285645,True,-0.11547281766709361,1.0452149639539394
59,5,0.0847457627118644,0.0,313.2770117768743,528.0182520489653,666.1758239811476,0.0,0.078125,148431.3844990713,aristarchus,120,high sun (35/30 deg),1,SIFT,REFUSED,0.8897843360900879,False,-8.668332292766653,0.9443085210694356
157,16,0.10191082802547771,0.12101910828025478,3.82815091591317,6.744146070658299,14.302645346740885,0.305,0.171875,1813.78690155881,aristarchus,120,high sun (35/30 deg),1,PC-SIFT,REFUSED,0.5319268703460693,False,-8.668332292766653,0.9443085210694356
438,100,0.228310502283105,0.21232876712328766,0.9132084465001458,1.1866661101842062,2.171650891833689,0.92,0.484375,432.68030833620446,aristarchus,120,high sun (35/30 deg),1,LoFTR (pretrained),SUCCESS,0.37018775939941406,True,-8.668332292766653,0.9443085210694356
314,76,0.24203821656050956,0.2356687898089172,0.8687232771510283,1.056461370503795,1.9165993997612936,0.96,0.484375,411.60313054165874,aristarchus,120,high sun (35/30 deg),1,PC + learned descriptor,SUCCESS,0.2100210189819336,True,-8.668332292766653,0.9443085210694356
78,5,0.0641025641025641,0.0,293.1005787128672,2751.892910517664,1600.4079577932534,0.0,0.078125,138871.74309111375,aristarchus,150,high sun (35/30 deg),0,SIFT,REFUSED,0.9714877605438232,False,6.3153726332954,1.0309106751188717
252,114,0.4523809523809524,0.4603174603174603,0.5353274813058351,0.8519821989669115,1.7016283821311566,0.9775,0.46875,253.63941886428387,aristarchus,150,high sun (35/30 deg),0,PC-SIFT,SUCCESS,0.5483889579772949,True,6.3153726332954,1.0309106751188717
439,99,0.2255125284738041,0.1845102505694761,2.047801176045895,3.500566065296323,6.896910400802004,0.4925,0.390625,970.2530103160171,aristarchus,150,high sun (35/30 deg),0,LoFTR (pretrained),SUCCESS,0.3581991195678711,False,6.3153726332954,1.0309106751188717
432,179,0.41435185185185186,0.4212962962962963,0.4314686084020233,0.6198868513325372,1.1663481168732903,1.0,0.59375,204.43084077491685,aristarchus,150,high sun (35/30 deg),0,PC + learned descriptor,SUCCESS,0.2140359878540039,True,6.3153726332954,1.0309106751188717
72,5,0.06944444444444445,0.0,278.8367582353351,313.2936910375572,487.11692298198415,0.0,0.0625,132113.51142349865,aristarchus,150,high sun (35/30 deg),1,SIFT,REFUSED,1.6705198287963867,False,13.862370931287064,1.0793222763377939
250,106,0.424,0.424,0.42944446508917256,0.5390279040122992,0.9753712414489687,1.0,0.453125,203.47179691578762,aristarchus,150,high sun (35/30 deg),1,PC-SIFT,SUCCESS,0.5824952125549316,True,13.862370931287064,1.0793222763377939
316,54,0.17088607594936708,0.11075949367088607,5.09382112790262,6.138290380686468,10.614893136871288,0.04120879120879121,0.265625,2413.4644228019924,aristarchus,150,high sun (35/30 deg),1,LoFTR (pretrained),DEGRADED,0.36219286918640137,False,13.862370931287064,1.0793222763377939
348,92,0.26436781609195403,0.26436781609195403,0.6955270051851166,1.014317161349671,1.9929869210188635,0.9505494505494505,0.453125,329.54232980761753,aristarchus,150,high sun (35/30 deg),1,PC + learned descriptor,SUCCESS,0.21557354927062988,True,13.862370931287064,1.0793222763377939
88,4,0.045454545454545456,0.0,356.09565313630617,58314.195367577464,13246.893198526248,0.0,0.0625,168718.95741513433,aristarchus,180,high sun (35/30 deg),0,SIFT,REFUSED,0.9896652698516846,False,5.524591079532744,1.0748364215440815
497,377,0.7585513078470825,0.7565392354124748,0.2449761206580009,0.312682826868566,0.5634540485123825,1.0,0.625,116.0702617540826,aristarchus,180,high sun (35/30 deg),0,PC-SIFT,SUCCESS,0.5824699401855469,True,5.524591079532744,1.0748364215440815
605,97,0.16033057851239668,0.1305785123966942,7.3076557840958625,8.11027018703449,12.801503550771042,0.0,0.46875,3462.3844862531514,aristarchus,180,high sun (35/30 deg),0,LoFTR (pretrained),SUCCESS,0.392902135848999,False,5.524591079532744,1.0748364215440815
574,302,0.5261324041811847,0.5313588850174216,0.32104323476201635,0.6459316032169036,1.4485364482434155,1.0,0.640625,152.1110392029861,aristarchus,180,high sun (35/30 deg),0,PC + learned descriptor,SUCCESS,0.21126413345336914,True,5.524591079532744,1.0748364215440815
68,6,0.08823529411764706,0.0,267.4298348064909,1957.1363911413657,892.81135105594,0.0,0.078125,126708.88429233799,aristarchus,180,high sun (35/30 deg),1,SIFT,REFUSED,0.8976192474365234,False,-3.8538568252494763,0.9309859409419716
408,304,0.7450980392156863,0.7401960784313726,0.20254174988880275,0.2980074618649871,0.6175003662177727,1.0,0.5625,95.9647571468532,aristarchus,180,high sun (35/30 deg),1,PC-SIFT,SUCCESS,0.6444683074951172,True,-3.8538568252494763,0.9309859409419716
596,136,0.22818791946308725,0.13758389261744966,4.654194167707579,6.563081570175187,12.447438241552394,0.19,0.484375,2205.1681357723382,aristarchus,180,high sun (35/30 deg),1,LoFTR (pretrained),SUCCESS,0.36855196952819824,False,-3.8538568252494763,0.9309859409419716
558,305,0.546594982078853,0.5394265232974911,0.5837374536249214,0.8182127078390438,1.523434510223962,0.9975,0.671875,276.5761775307687,aristarchus,180,high sun (35/30 deg),1,PC + learned descriptor,SUCCESS,0.2409508228302002,True,-3.8538568252494763,0.9309859409419716
829,763,0.9203860072376358,0.9203860072376358,0.10398322447807282,0.19568797669436985,0.4343092014649197,1.0,0.75,49.267496157525,aristarchus,0,low sun (12/10 deg),0,SIFT,SUCCESS,1.0046613216400146,True,-11.652934488483883,0.858059106513615
371,266,0.7169811320754716,0.7115902964959568,0.29950612225425666,0.40208083256529087,0.6977165687564966,1.0,0.625,141.90670467646845,aristarchus,0,low sun (12/10 deg),0,PC-SIFT,SUCCESS,0.6010332107543945,True,-11.652934488483883,0.858059106513615
2449,2201,0.8987341772151899,0.893425888117599,0.163924810749217,0.22221555001186732,0.4207656814864447,1.0,0.96875,77.66796061813895,aristarchus,0,low sun (12/10 deg),0,LoFTR (pretrained),SUCCESS,0.4285879135131836,True,-11.652934488483883,0.858059106513615
527,269,0.5104364326375711,0.5123339658444023,0.3528474898577211,0.41438083157786215,0.6831826210232997,1.0,0.734375,167.17997001933134,aristarchus,0,low sun (12/10 deg),0,PC + learned descriptor,SUCCESS,0.2136857509613037,True,-11.652934488483883,0.858059106513615
826,772,0.9346246973365617,0.9346246973365617,0.18898798327214938,0.21688005601099064,0.34377157946875747,1.0,0.65625,89.54295066741697,aristarchus,0,low sun (12/10 deg),1,SIFT,SUCCESS,1.216003179550171,True,14.616667363366421,1.094586334415605
559,444,0.7942754919499105,0.7942754919499105,0.2028912787280226,0.2482927525427488,0.42298252402098346,1.0,0.671875,96.13036473240022,aristarchus,0,low sun (12/10 deg),1,PC-SIFT,SUCCESS,0.6325583457946777,True,14.616667363366421,1.094586334415605
2851,2447,0.858295334970186,0.8561908102420204,0.2835698694481862,0.4921778734798755,1.0020910643239922,1.0,0.875,134.35607064074483,aristarchus,0,low sun (12/10 deg),1,LoFTR (pretrained),SUCCESS,0.4547722339630127,True,14.616667363366421,1.094586334415605
571,284,0.4973730297723292,0.500875656742557,0.5448396310217076,0.6310681159695217,1.0498149833926114,1.0,0.625,258.1462977568054,aristarchus,0,low sun (12/10 deg),1,PC + learned descriptor,SUCCESS,0.21161675453186035,True,14.616667363366421,1.094586334415605
172,65,0.37790697674418605,0.38372093023255816,0.51271345864469,0.5541298875064211,0.8978925800374074,1.0,0.421875,242.924841775947,aristarchus,30,low sun (12/10 deg),0,SIFT,SUCCESS,1.9469759464263916,True,-8.367798519073995,1.1062712158734453
282,138,0.48936170212765956,0.48936170212765956,0.3639550910638929,0.625164976599398,1.2881315410892566,0.9973118279569892,0.578125,172.4427775778697,aristarchus,30,low sun (12/10 deg),0,PC-SIFT,SUCCESS,0.6145200729370117,True,-8.367798519073995,1.1062712158734453
2450,2083,0.850204081632653,0.8518367346938776,0.17247804250685536,0.19750726248532738,0.30479224704973135,1.0,0.875,81.72050192823008,aristarchus,30,low sun (12/10 deg),0,LoFTR (pretrained),SUCCESS,0.4214975833892822,True,-8.367798519073995,1.1062712158734453
446,183,0.4103139013452915,0.4125560538116592,0.5889059765620677,1.036436516136994,2.2284881965037706,0.9301075268817204,0.609375,279.0250358463678,aristarchus,30,low sun (12/10 deg),0,PC + learned descriptor,SUCCESS,0.2111663818359375,True,-8.367798519073995,1.1062712158734453
148,69,0.46621621621621623,0.46621621621621623,0.47548288683620565,0.6289714186338968,1.2024003775638419,1.0,0.46875,225.28490934719494,aristarchus,30,low sun (12/10 deg),1,SIFT,SUCCESS,1.260653018951416,True,7.299823317643174,1.146232453689299
258,104,0.40310077519379844,0.3875968992248062,0.40946282417332014,0.7396775901618489,1.5668267728679832,0.9829545454545454,0.484375,194.0044484854608,aristarchus,30,low sun (12/10 deg),1,PC-SIFT,SUCCESS,0.6429221630096436,True,7.299823317643174,1.146232453689299
2178,1766,0.8108356290174472,0.8126721763085399,0.34539798254815446,0.3649324881010514,0.5147553949114363,1.0,0.8125,163.65037594690554,aristarchus,30,low sun (12/10 deg),1,LoFTR (pretrained),SUCCESS,0.41188907623291016,True,7.299823317643174,1.146232453689299
454,165,0.3634361233480176,0.3634361233480176,0.6841580964406984,1.0331408253950167,2.216580515483466,0.9318181818181818,0.640625,324.15571412328677,aristarchus,30,low sun (12/10 deg),1,PC + learned descriptor,SUCCESS,0.23061013221740723,True,7.299823317643174,1.146232453689299
95,5,0.05263157894736842,0.021052631578947368,342.74398681247067,639.3129821522698,557.1541639916499,0.0,0.0625,162392.90652944712,aristarchus,60,low sun (12/10 deg),0,SIFT,REFUSED,1.6803996562957764,False,10.902717246176142,0.9429021704646586
172,30,0.1744186046511628,0.1686046511627907,0.8460763738408779,1.3933814517205307,2.8685173002390627,0.855,0.296875,400.87297452454123,aristarchus,60,low sun (12/10 deg),0,PC-SIFT,DEGRADED,1.0873327255249023,True,10.902717246176142,0.9429021704646586
1465,959,0.6546075085324232,0.6477815699658703,0.494471306545025,0.7920014122390842,1.5752339969684077,0.9975,0.84375,234.2816672351849,aristarchus,60,low sun (12/10 deg),0,LoFTR (pretrained),SUCCESS,0.3988800048828125,True,10.902717246176142,0.9429021704646586
322,83,0.2577639751552795,0.2670807453416149,0.6778222742131661,0.8235676292201966,1.4088878385967192,0.995,0.515625,321.153786660309,aristarchus,60,low sun (12/10 deg),0,PC + learned descriptor,SUCCESS,0.23851919174194336,True,10.902717246176142,0.9429021704646586
100,5,0.05,0.03,255.5671231028552,287.22805850213825,452.7041964884167,0.0,0.078125,121088.30360530666,aristarchus,60,low sun (12/10 deg),1,SIFT,REFUSED,1.1389429569244385,False,-12.908257154257532,0.9358403252129736
156,38,0.24358974358974358,0.23076923076923078,0.8417621231159615,1.4881428337915668,3.0139070748538317,0.825,0.375,398.82887239095874,aristarchus,60,low sun (12/10 deg),1,PC-SIFT,DEGRADED,0.5817136764526367,True,-12.908257154257532,0.9358403252129736
1239,916,0.7393058918482648,0.7304277643260694,0.2504366781963744,0.3562753166432165,0.6565940337049619,1.0,0.875,118.65748675013462,aristarchus,60,low sun (12/10 deg),1,LoFTR (pretrained),SUCCESS,0.392200231552124,True,-12.908257154257532,0.9358403252129736
355,107,0.30140845070422534,0.28450704225352114,0.7528601003638811,1.3489223850916991,2.9003772036596605,0.865,0.59375,356.70688505772364,aristarchus,60,low sun (12/10 deg),1,PC + learned descriptor,SUCCESS,0.2159709930419922,True,-12.908257154257532,0.9358403252129736
85,6,0.07058823529411765,0.0,408.50337411504034,431.8333909824419,605.3248449142991,0.0,0.0625,193549.85879277816,aristarchus,90,low sun (12/10 deg),0,SIFT,REFUSED,1.1690311431884766,False,5.808503956734334,0.9823723737235659
162,30,0.18518518518518517,0.19135802469135801,1.800488784747602,2.101200709369961,3.769178272450089,0.6175,0.3125,853.0758180414466,aristarchus,90,low sun (12/10 deg),0,PC-SIFT,DEGRADED,0.592125654220581,True,5.808503956734334,0.9823723737235659
870,400,0.45977011494252873,0.46781609195402296,0.4227815850211487,0.5209297968820759,0.9051747576929029,1.0,0.734375,200.31490867927562,aristarchus,90,low sun (12/10 deg),0,LoFTR (pretrained),SUCCESS,0.4008364677429199,True,5.808503956734334,0.9823723737235659
306,84,0.27450980392156865,0.2647058823529412,0.2643247923361533,0.5457277147148505,1.184041696506137,1.0,0.53125,125.23770787187058,aristarchus,90,low sun (12/10 deg),0,PC + learned descriptor,SUCCESS,0.21059298515319824,True,5.808503956734334,0.9823723737235659
118,5,0.0423728813559322,0.01694915254237288,320.0249224415596,343.0469329327899,527.0512215929386,0.0,0.0625,151628.5604321355,aristarchus,90,low sun (12/10 deg),1,SIFT,REFUSED,1.135390281677246,False,-6.419047646835164,0.9537777022340026
170,33,0.19411764705882353,0.18235294117647058,1.2236041359703431,1.3327354975430354,1.9602080676277558,0.9625,0.328125,579.7465155541776,aristarchus,90,low sun (12/10 deg),1,PC-SIFT,DEGRADED,0.5973742008209229,True,-6.419047646835164,0.9537777022340026
577,270,0.4679376083188908,0.4592720970537262,0.5818254505230331,0.8361266528232464,1.6494287544025823,0.9925,0.75,275.67026596716534,aristarchus,90,low sun (12/10 deg),1,LoFTR (pretrained),SUCCESS,0.39013123512268066,True,-6.419047646835164,0.9537777022340026
299,76,0.25418060200668896,0.24414715719063546,0.6231381212872121,0.80022102263192,1.409533736041277,1.0,0.40625,295.24430647559836,aristarchus,90,low sun (12/10 deg),1,PC + learned descriptor,SUCCESS,0.21576237678527832,True,-6.419047646835164,0.9537777022340026
92,6,0.06521739130434782,0.0,315.2878873345494,6434.579441963868,2404.646690392982,0.0,0.046875,149384.1420646141,aristarchus,120,low sun (12/10 deg),0,SIFT,REFUSED,1.244436264038086,False,-0.5496668767126671,1.0676017019250301
175,42,0.24,0.21714285714285714,1.2187474089896992,2.1293842098951896,4.545510089898216,0.72,0.328125,577.4453868956075,aristarchus,120,low sun (12/10 deg),0,PC-SIFT,SUCCESS,0.6066968441009521,True,-0.5496668767126671,1.0676017019250301
544,133,0.24448529411764705,0.20404411764705882,1.3140800872655238,1.59684836146709,3.1172048733801905,0.8325,0.484375,622.6142339304595,aristarchus,120,low sun (12/10 deg),0,LoFTR (pretrained),SUCCESS,0.3856668472290039,True,-0.5496668767126671,1.0676017019250301
354,97,0.2740112994350282,0.2853107344632768,0.8077316461528147,0.98812142880839,1.8267525986804756,0.975,0.5625,382.705152421358,aristarchus,120,low sun (12/10 deg),0,PC + learned descriptor,SUCCESS,0.2138056755065918,True,-0.5496668767126671,1.0676017019250301
88,5,0.056818181818181816,0.0,222.65521391694898,598.579156270568,551.1550929709149,0.0,0.078125,105494.56367761888,aristarchus,120,low sun (12/10 deg),1,SIFT,REFUSED,1.8711168766021729,False,-1.569425995404636,0.8860823406433544
135,6,0.044444444444444446,0.0962962962962963,163.02484030134113,9091.948954035517,5947.495428002279,0.0025,0.078125,77241.55250466522,aristarchus,120,low sun (12/10 deg),1,PC-SIFT,REFUSED,1.0147714614868164,False,-1.569425995404636,0.8860823406433544
531,192,0.3615819209039548,0.3483992467043315,0.6302118844179312,1.006069047484765,2.0616310660535664,0.9425,0.578125,298.5958720729456,aristarchus,120,low sun (12/10 deg),1,LoFTR (pretrained),SUCCESS,0.37740325927734375,True,-1.569425995404636,0.8860823406433544
361,90,0.24930747922437674,0.2409972299168975,0.2970895283831659,0.5211013830393334,1.0451195304373346,1.0,0.515625,140.76171682043815,aristarchus,120,low sun (12/10 deg),1,PC + learned descriptor,SUCCESS,0.21291613578796387,True,-1.569425995404636,0.8860823406433544
110,6,0.05454545454545454,0.0,275.15764363331266,1960.45386048064,1173.1317926304848,0.0,0.078125,130370.33827775286,aristarchus,150,low sun (12/10 deg),0,SIFT,REFUSED,1.2146103382110596,False,-0.19811182042298547,1.060762587674842
279,100,0.35842293906810035,0.34767025089605735,0.8445782822586505,1.262704074780118,2.4869809690656526,0.8825,0.515625,400.1631752118014,aristarchus,150,low sun (12/10 deg),0,PC-SIFT,SUCCESS,0.6248257160186768,True,-0.19811182042298547,1.060762587674842
680,166,0.24411764705882352,0.17647058823529413,2.2331020688557075,2.4911895790155154,3.876619742002247,0.4225,0.453125,1058.049008856325,aristarchus,150,low sun (12/10 deg),0,LoFTR (pretrained),SUCCESS,0.3730475902557373,False,-0.19811182042298547,1.060762587674842
481,197,0.4095634095634096,0.41164241164241167,0.5891311781680405,0.778924355218166,1.3726702750444497,0.9975,0.609375,279.13173689658646,aristarchus,150,low sun (12/10 deg),0,PC + learned descriptor,SUCCESS,0.2172107696533203,True,-0.19811182042298547,1.060762587674842
99,5,0.050505050505050504,0.0,268.8717562245917,308.92880215795253,480.62428282417335,0.0,0.078125,127392.07004929357,aristarchus,150,low sun (12/10 deg),1,SIFT,REFUSED,1.238832712173462,False,-12.397351430140535,1.0448570346822477
225,73,0.3244444444444444,0.32,0.8026768102343746,1.0423395462722886,1.962378239392996,0.9631578947368421,0.46875,380.3101592824293,aristarchus,150,low sun (12/10 deg),1,PC-SIFT,SUCCESS,0.8378992080688477,True,-12.397351430140535,1.0448570346822477
653,146,0.22358346094946402,0.16232771822358347,3.30632269575497,3.371809525358798,4.6167665916829455,0.07105263157894737,0.484375,1566.5434643546332,aristarchus,150,low sun (12/10 deg),1,LoFTR (pretrained),SUCCESS,0.3968467712402344,False,-12.397351430140535,1.0448570346822477
397,128,0.3224181360201511,0.3249370277078086,1.0249419285868124,1.2373130101460195,2.0805749694820244,0.9236842105263158,0.546875,485.61989476471103,aristarchus,150,low sun (12/10 deg),1,PC + learned descriptor,SUCCESS,0.25775885581970215,True,-12.397351430140535,1.0448570346822477
121,5,0.04132231404958678,0.0,341.04568406624577,1087.3768996577944,2326.22582339843,0.0,0.0625,161588.2466966335,aristarchus,180,low sun (12/10 deg),0,SIFT,REFUSED,1.2909152507781982,False,-9.464362009426551,1.1309626511968869
386,236,0.6113989637305699,0.6062176165803109,0.3262206482479357,0.3531537844211175,0.5121375492023948,1.0,0.5625,154.56410988148997,aristarchus,180,low sun (12/10 deg),0,PC-SIFT,SUCCESS,0.6316866874694824,True,-9.464362009426551,1.1309626511968869
585,114,0.19487179487179487,0.15042735042735042,4.172939033167353,4.230220299829224,6.2981721983626775,0.1903409090909091,0.453125,1977.1483218960184,aristarchus,180,low sun (12/10 deg),0,LoFTR (pretrained),SUCCESS,0.37076592445373535,False,-9.464362009426551,1.1309626511968869
494,197,0.39878542510121456,0.39878542510121456,0.686118099818229,0.810699192247058,1.3830433351360145,0.9971590909090909,0.546875,325.0843683303083,aristarchus,180,low sun (12/10 deg),0,PC + learned descriptor,SUCCESS,0.21570134162902832,True,-9.464362009426551,1.1309626511968869
102,5,0.049019607843137254,0.0,248.15160084924753,372.30920279371844,396.965888863541,0.0028735632183908046,0.078125,117574.81173227192,aristarchus,180,low sun (12/10 deg),1,SIFT,REFUSED,1.270127296447754,False,-11.425071608874887,1.143828383054129
360,218,0.6055555555555555,0.5944444444444444,0.5051592935637643,0.8264058187620428,1.718171487098315,0.985632183908046,0.625,239.345660605466,aristarchus,180,low sun (12/10 deg),1,PC-SIFT,SUCCESS,0.6460132598876953,True,-11.425071608874887,1.143828383054129
542,110,0.2029520295202952,0.11254612546125461,3.3147657455474784,4.349891253916976,8.242658837241798,0.28735632183908044,0.421875,1570.5438011906765,aristarchus,180,low sun (12/10 deg),1,LoFTR (pretrained),SUCCESS,0.35999512672424316,False,-11.425071608874887,1.143828383054129
464,170,0.36637931034482757,0.35344827586206895,0.649470655378323,1.3046062488960883,2.7074067363965235,0.8591954022988506,0.5625,307.72072301935805,aristarchus,180,low sun (12/10 deg),1,PC + learned descriptor,SUCCESS,0.21441054344177246,True,-11.425071608874887,1.143828383054129
418,339,0.8110047846889952,0.8110047846889952,0.11782546713119288,0.15918722717143952,0.29643595660589017,1.0,0.734375,55.825983261066696,orientale,0,high sun (35/30 deg),0,SIFT,SUCCESS,1.5569679737091064,True,5.708088129085507,1.1910462305625056
364,213,0.5851648351648352,0.5879120879120879,0.2014509426415628,0.21325286845349656,0.33060246331258974,1.0,0.59375,95.44793010930228,orientale,0,high sun (35/30 deg),0,PC-SIFT,SUCCESS,0.6493051052093506,True,5.708088129085507,1.1910462305625056
2640,2151,0.8147727272727273,0.8121212121212121,0.3044224221105398,0.28819270782699813,0.3578435319086266,1.0,0.859375,144.23605910353515,orientale,0,high sun (35/30 deg),0,LoFTR (pretrained),SUCCESS,0.4496443271636963,True,5.708088129085507,1.1910462305625056
371,116,0.31266846361185985,0.30997304582210244,0.436857353088494,0.5355154001330064,0.9325602307914311,1.0,0.578125,206.98404067295007,orientale,0,high sun (35/30 deg),0,PC + learned descriptor,SUCCESS,0.2134711742401123,True,5.708088129085507,1.1910462305625056
550,482,0.8763636363636363,0.8763636363636363,0.08999285523854816,0.09621609752631805,0.14823182158684853,1.0,0.8125,42.638826329191446,orientale,0,high sun (35/30 deg),1,SIFT,SUCCESS,1.1479859352111816,True,-12.870375345740037,1.0600153241203296
459,332,0.7233115468409586,0.7167755991285403,0.3429359468931259,0.36164018449023194,0.526058167230369,1.0,0.703125,162.4838576668402,orientale,0,high sun (35/30 deg),1,PC-SIFT,SUCCESS,0.6284551620483398,True,-12.870375345740037,1.0600153241203296
2498,1958,0.7838270616493195,0.7806244995996797,0.18680097810526824,0.20416023301482544,0.3138903791505186,1.0,0.921875,88.50674247906132,orientale,0,high sun (35/30 deg),1,LoFTR (pretrained),SUCCESS,0.4391050338745117,True,-12.870375345740037,1.0600153241203296
471,252,0.535031847133758,0.5329087048832272,0.20907745034619624,0.2728565562860612,0.4972261556171063,1.0,0.828125,99.06138738492847,orientale,0,high sun (35/30 deg),1,PC + learned descriptor,SUCCESS,0.21199893951416016,True,-12.870375345740037,1.0600153241203296
173,78,0.4508670520231214,0.4508670520231214,0.3325494953413253,0.37920565513569404,0.6170527581240448,1.0,0.5,157.56273250951674,orientale,30,high sun (35/30 deg),0,SIFT,SUCCESS,2.3335485458374023,True,0.42062096769366164,1.0116016172726998
316,175,0.5537974683544303,0.5569620253164557,0.30199488624816845,0.38024847084644026,0.6605250022259872,1.0,0.71875,143.08588690631834,orientale,30,high sun (35/30 deg),0,PC-SIFT,SUCCESS,1.1121337413787842,True,0.42062096769366164,1.0116016172726998
3265,2718,0.8324655436447167,0.8309341500765697,0.2545081567140687,0.2607735010313797,0.3695430406789467,1.0,0.96875,120.58656284132901,orientale,30,high sun (35/30 deg),0,LoFTR (pretrained),SUCCESS,0.46646595001220703,True,0.42062096769366164,1.0116016172726998
571,280,0.4903677758318739,0.47810858143607704,0.49890100866405723,0.48812627951015336,0.6422554107321565,1.0,0.8125,236.38047051065382,orientale,30,high sun (35/30 deg),0,PC + learned descriptor,SUCCESS,0.21404051780700684,True,0.42062096769366164,1.0116016172726998
143,48,0.3356643356643357,0.32867132867132864,0.34201191820202714,0.38650090090458405,0.6180361283276491,1.0,0.328125,162.0460507011815,orientale,30,high sun (35/30 deg),1,SIFT,SUCCESS,1.2606418132781982,True,-9.24618125540934,1.1449829315766036
246,113,0.45934959349593496,0.4349593495934959,0.3321334545761601,0.6290071721195656,1.3777460404403923,0.9971590909090909,0.546875,157.36561141712872,orientale,30,high sun (35/30 deg),1,PC-SIFT,SUCCESS,0.6685967445373535,True,-9.24618125540934,1.1449829315766036
2039,1499,0.735164296223639,0.7292790583619422,0.2130250007051524,0.21198093480941163,0.28670300328423215,1.0,0.8125,100.9317460232348,orientale,30,high sun (35/30 deg),1,LoFTR (pretrained),SUCCESS,0.4211616516113281,True,-9.24618125540934,1.1449829315766036
332,101,0.3042168674698795,0.3042168674698795,0.3941237816941334,0.6111999153539626,1.2678456757479222,1.0,0.578125,186.73677410628434,orientale,30,high sun (35/30 deg),1,PC + learned descriptor,SUCCESS,0.21463799476623535,True,-9.24618125540934,1.1449829315766036
93,5,0.053763440860215055,0.010752688172043012,262.43465459749495,330.50850477464576,572.8883375666769,0.0,0.0625,124342.15616875736,orientale,60,high sun (35/30 deg),0,SIFT,REFUSED,1.127765417098999,False,8.481527044396117,0.9975219734669898
169,36,0.21301775147928995,0.21301775147928995,1.0376389682213065,1.2639699600847993,2.2024640701143854,0.92,0.296875,491.6357819863685,orientale,60,high sun (35/30 deg),0,PC-SIFT,DEGRADED,1.1826484203338623,True,8.481527044396117,0.9975219734669898
1739,1060,0.6095457159286947,0.6043703277745831,0.5073964989266248,0.5321414143839004,0.7964862545509188,1.0,0.984375,240.40565376466606,orientale,60,high sun (35/30 deg),0,LoFTR (pretrained),SUCCESS,0.4050774574279785,True,8.481527044396117,0.9975219734669898
308,85,0.275974025974026,0.262987012987013,0.8860661847353268,1.0267866329517998,1.7215320600227186,1.0,0.53125,419.8202409174763,orientale,60,high sun (35/30 deg),0,PC + learned descriptor,SUCCESS,0.2391364574432373,True,8.481527044396117,0.9975219734669898
105,5,0.047619047619047616,0.01904761904761905,422.72514798382406,443.0430855029159,665.6636914583657,0.0,0.0625,200288.16867834286,orientale,60,high sun (35/30 deg),1,SIFT,REFUSED,1.0723164081573486,False,-9.676776254455548,0.9443247233828922
171,34,0.19883040935672514,0.18128654970760233,1.1595136456451014,1.4425879618270576,2.6354616849750685,0.8525,0.34375,549.3802906012421,orientale,60,high sun (35/30 deg),1,PC-SIFT,DEGRADED,0.6477675437927246,True,-9.676776254455548,0.9443247233828922
1558,1024,0.6572528883183568,0.6566110397946084,0.3348622120132332,0.3616609613262537,0.5928938840372535,1.0,0.90625,158.65850310442357,orientale,60,high sun (35/30 deg),1,LoFTR (pretrained),SUCCESS,0.39264345169067383,True,-9.676776254455548,0.9443247233828922
308,93,0.30194805194805197,0.2857142857142857,0.8770158786614919,0.9191229455943515,1.4431053306011838,1.0,0.59375,415.53218462805904,orientale,60,high sun (35/30 deg),1,PC + learned descriptor,SUCCESS,0.21372008323669434,True,-9.676776254455548,0.9443247233828922
99,5,0.050505050505050504,0.010101010101010102,487.2310373293045,625.0943740443508,1059.9992015066225,0.0,0.078125,230851.21066341182,orientale,90,high sun (35/30 deg),0,SIFT,REFUSED,1.0061981678009033,False,9.97009666246349,0.8739520269521486
138,9,0.06521739130434782,0.050724637681159424,44.10501322987377,56.518080778447256,100.79020161337853,0.01,0.09375,20897.058931737676,orientale,90,high sun (35/30 deg),0,PC-SIFT,REFUSED,0.6718666553497314,False,9.97009666246349,0.8739520269521486
928,454,0.4892241379310345,0.44935344827586204,0.8110351447705186,0.7906368915478011,1.0487321290090863,1.0,0.828125,384.2703578308944,orientale,90,high sun (35/30 deg),0,LoFTR (pretrained),SUCCESS,0.4043557643890381,True,9.97009666246349,0.8739520269521486
245,42,0.17142857142857143,0.1673469387755102,0.8085525116748418,1.1858168387575412,2.3153836050745626,0.91,0.359375,383.09408043503817,orientale,90,high sun (35/30 deg),0,PC + learned descriptor,SUCCESS,0.21198701858520508,True,9.97009666246349,0.8739520269521486
99,5,0.050505050505050504,0.0,245.6868456061767,598.2215289787246,1635.8562313894208,0.0,0.0625,116407.0049050001,orientale,90,high sun (35/30 deg),1,SIFT,REFUSED,1.308683156967163,False,-3.7310044235745927,0.8527249938640918
158,7,0.04430379746835443,0.056962025316455694,106.68651900541253,125.78822223628067,210.81387066886626,0.0025,0.078125,50548.32345834075,orientale,90,high sun (35/30 deg),1,PC-SIFT,REFUSED,0.649864912033081,False,-3.7310044235745927,0.8527249938640918
857,445,0.5192532088681447,0.485414235705951,0.7198842072653638,0.9491555224252277,1.7235750094801907,0.9925,0.828125,341.08282940185444,orientale,90,high sun (35/30 deg),1,LoFTR (pretrained),SUCCESS,0.3790247440338135,True,-3.7310044235745927,0.8527249938640918
260,63,0.2423076923076923,0.21923076923076923,1.25925524843496,1.2469791556308738,1.767816871002679,0.9975,0.546875,596.6380964334797,orientale,90,high sun (35/30 deg),1,PC + learned descriptor,SUCCESS,0.21252083778381348,True,-3.7310044235745927,0.8527249938640918
98,5,0.05102040816326531,0.0,269.38061160371615,296.6607298577125,457.75298544534087,0.0,0.0625,127633.16692392489,orientale,120,high sun (35/30 deg),0,SIFT,REFUSED,1.1581690311431885,False,7.717601545523877,1.0265994909791
164,24,0.14634146341463414,0.13414634146341464,2.074988595800506,2.6024647761392483,4.769824023390522,0.46464646464646464,0.25,983.1344736964471,orientale,120,high sun (35/30 deg),0,PC-SIFT,REFUSED,0.645660400390625,False,7.717601545523877,1.0265994909791
514,150,0.2918287937743191,0.20038910505836577,3.080123817136169,3.2593922193421596,4.904063556982601,0.16414141414141414,0.59375,1459.3699040123277,orientale,120,high sun (35/30 deg),0,LoFTR (pretrained),SUCCESS,0.37532734870910645,False,7.717601545523877,1.0265994909791
269,72,0.26765799256505574,0.26394052044609667,0.5736028913786664,0.7502420124561143,1.311255854517034,1.0,0.5625,271.77439811844766,orientale,120,high sun (35/30 deg),0,PC + learned descriptor,SUCCESS,0.21320271492004395,True,7.717601545523877,1.0265994909791
116,5,0.04310344827586207,0.0,499.66205826290013,1763.1472100081342,1350.1654606420652,0.0,0.0625,236741.0575993393,orientale,120,high sun (35/30 deg),1,SIFT,REFUSED,1.9180810451507568,False,-11.669418174830307,1.120100694114096
209,32,0.15311004784688995,0.13875598086124402,1.1675072997073332,1.4157525412471104,2.4345094331460633,0.8258426966292135,0.375,553.1677026840309,orientale,120,high sun (35/30 deg),1,PC-SIFT,DEGRADED,1.1549668312072754,True,-11.669418174830307,1.120100694114096
273,48,0.17582417582417584,0.1282051282051282,2.2947848937543194,2.747527607224992,4.621260930288191,0.41853932584269665,0.328125,1087.274476271201,orientale,120,high sun (35/30 deg),1,LoFTR (pretrained),SUCCESS,0.35662341117858887,False,-11.669418174830307,1.120100694114096
297,46,0.15488215488215487,0.1414141414141414,1.3589067360181186,1.3875725491181925,1.894078795696723,0.9943820224719101,0.4375,643.8532054689782,orientale,120,high sun (35/30 deg),1,PC + learned descriptor,SUCCESS,0.24432158470153809,True,-11.669418174830307,1.120100694114096
104,6,0.057692307692307696,0.0,334.10643624509777,1281.1452262273176,747.6449665617421,0.0,0.046875,158300.41476912276,orientale,150,high sun (35/30 deg),0,SIFT,REFUSED,1.2163009643554688,False,13.415949177219279,1.1587309576167448
203,71,0.3497536945812808,0.3448275862068966,0.42726082318777436,0.5084920471792093,0.8720302487535955,1.0,0.46875,202.4371822505227,orientale,150,high sun (35/30 deg),0,PC-SIFT,SUCCESS,0.6542603969573975,True,13.415949177219279,1.1587309576167448
295,52,0.17627118644067796,0.08135593220338982,4.180385612629818,4.6765465861993265,7.371832069361684,0.09411764705882353,0.28125,1980.676528747606,orientale,150,high sun (35/30 deg),0,LoFTR (pretrained),DEGRADED,0.35997986793518066,False,13.415949177219279,1.1587309576167448
294,54,0.1836734693877551,0.19727891156462585,0.8558747675867775,1.3698563431173347,2.8295687992544543,0.8470588235294118,0.515625,405.51547651127106,orientale,150,high sun (35/30 deg),0,PC + learned descriptor,SUCCESS,0.21478533744812012,True,13.415949177219279,1.1587309576167448
104,7,0.0673076923076923,0.0,292.13347240594345,312.0311479508752,472.36036136149227,0.0,0.0625,138413.52584982853,orientale,150,high sun (35/30 deg),1,SIFT,REFUSED,1.009490728378296,False,4.020517189241584,0.9188482530093431
236,101,0.4279661016949153,0.4364406779661017,0.3803971221590459,0.36050487338337844,0.45340018849559643,1.0,0.53125,180.23305055573041,orientale,150,high sun (35/30 deg),1,PC-SIFT,SUCCESS,0.6126413345336914,True,4.020517189241584,0.9188482530093431
456,137,0.30043859649122806,0.14035087719298245,3.3973150508526553,3.681624892439622,5.87817556240975,0.23,0.59375,1609.6558560662857,orientale,150,high sun (35/30 deg),1,LoFTR (pretrained),SUCCESS,0.36258602142333984,False,4.020517189241584,0.9188482530093431
404,174,0.4306930693069307,0.4158415841584158,0.4364957142189144,0.529775311597685,0.8889168094154466,1.0,0.78125,206.81269532655546,orientale,150,high sun (35/30 deg),1,PC + learned descriptor,SUCCESS,0.21349453926086426,True,4.020517189241584,0.9188482530093431
105,6,0.05714285714285714,0.0,517.8530291744696,33297.476783301165,6256.375052988198,0.0,0.0625,245359.98237288668,orientale,180,high sun (35/30 deg),0,SIFT,REFUSED,1.1442084312438965,False,-8.812421132361562,1.053966106373618
477,340,0.7127882599580713,0.7085953878406709,0.32478115095115456,0.33567448394537935,0.5046685061387883,1.0,0.796875,153.88207267891326,orientale,180,high sun (35/30 deg),0,PC-SIFT,SUCCESS,0.6601860523223877,True,-8.812421132361562,1.053966106373618
535,117,0.21869158878504674,0.11775700934579439,4.483632195440688,4.988050065665757,7.906638407759938,0.0,0.421875,2124.3554724272913,orientale,180,high sun (35/30 deg),0,LoFTR (pretrained),SUCCESS,0.3900458812713623,False,-8.812421132361562,1.053966106373618
484,254,0.5247933884297521,0.5371900826446281,0.4028344793123473,0.436279110511019,0.707715720990355,1.0,0.796875,190.86392311122034,orientale,180,high sun (35/30 deg),0,PC + learned descriptor,SUCCESS,0.2129228115081787,True,-8.812421132361562,1.053966106373618
120,5,0.041666666666666664,0.0,446.13123333790736,2084.3556507361163,1551.782733941175,0.0,0.0625,211378.02693224006,orientale,180,high sun (35/30 deg),1,SIFT,REFUSED,1.0055060386657715,False,7.623826719025111,0.8911864439550201
347,220,0.6340057636887608,0.6282420749279539,0.3892119518350746,0.424878288754495,0.6134233069599292,1.0,0.640625,184.40953757440872,orientale,180,high sun (35/30 deg),1,PC-SIFT,SUCCESS,0.6330916881561279,True,7.623826719025111,0.8911864439550201
567,154,0.2716049382716049,0.19929453262786595,1.9315968272023063,2.131800532231103,3.3541852432151016,0.5275,0.6875,915.195116709857,orientale,180,high sun (35/30 deg),1,LoFTR (pretrained),SUCCESS,0.38323497772216797,True,7.623826719025111,0.8911864439550201
450,221,0.4911111111111111,0.47555555555555556,0.4076394137184124,0.5917677585065306,1.1754981717492137,1.0,0.796875,193.1405123262229,orientale,180,high sun (35/30 deg),1,PC + learned descriptor,SUCCESS,0.21552133560180664,True,7.623826719025111,0.8911864439550201
726,656,0.9035812672176309,0.9035812672176309,0.08726843446531238,0.11745465378712676,0.21999757457809957,1.0,0.921875,41.347989363415486,orientale,0,low sun (12/10 deg),0,SIFT,SUCCESS,2.392853260040283,True,0.6181689260932792,1.179263088054618
473,334,0.7061310782241015,0.7082452431289641,0.1861106466533322,0.19341054889915743,0.30338934021918657,1.0,0.84375,88.17966181459462,orientale,0,low sun (12/10 deg),0,PC-SIFT,SUCCESS,0.8666365146636963,True,0.6181689260932792,1.179263088054618
3329,2861,0.8594172424151397,0.8588164613998198,0.20964289427741983,0.21495205707228782,0.2905864259634879,1.0,0.984375,99.3292960485488,orientale,0,low sun (12/10 deg),0,LoFTR (pretrained),SUCCESS,0.44359374046325684,True,0.6181689260932792,1.179263088054618
439,213,0.48519362186788156,0.48519362186788156,0.31905301883547765,0.4104378520897141,0.7410586459604784,1.0,0.796875,151.16807021923364,orientale,0,low sun (12/10 deg),0,PC + learned descriptor,SUCCESS,0.21345305442810059,True,0.6181689260932792,1.179263088054618
875,802,0.9165714285714286,0.9154285714285715,0.08840556414238347,0.08275818484041043,0.10650428312191332,1.0,0.90625,41.88676407709559,orientale,0,low sun (12/10 deg),1,SIFT,SUCCESS,1.3245902061462402,True,-10.092385713481022,1.0683630470083836
624,514,0.8237179487179487,0.8253205128205128,0.200914668471752,0.20857595653375763,0.29616707568701756,1.0,0.90625,95.19384214719926,orientale,0,low sun (12/10 deg),1,PC-SIFT,SUCCESS,0.7372138500213623,True,-10.092385713481022,1.0683630470083836
3490,2960,0.8481375358166189,0.8495702005730659,0.13865895605243067,0.16967943946300165,0.2915341235226367,1.0,0.96875,65.69693927850935,orientale,0,low sun (12/10 deg),1,LoFTR (pretrained),SUCCESS,0.45624709129333496,True,-10.092385713481022,1.0683630470083836
611,380,0.6219312602291326,0.618657937806874,0.16630993508261194,0.19352502170988567,0.3117287562895294,1.0,0.890625,78.79803813324365,orientale,0,low sun (12/10 deg),1,PC + learned descriptor,SUCCESS,0.21357488632202148,True,-10.092385713481022,1.0683630470083836
199,86,0.4321608040201005,0.4321608040201005,0.1791706293635048,0.23173464515093384,0.42791100418023553,1.0,0.640625,84.89146531101504,orientale,30,low sun (12/10 deg),0,SIFT,SUCCESS,2.107776403427124,True,6.153119407095755,1.079185884821234
264,122,0.4621212121212121,0.44696969696969696,0.5475349269487267,0.6673462158444678,1.146190445372742,1.0,0.609375,259.4233353019895,orientale,30,low sun (12/10 deg),0,PC-SIFT,SUCCESS,1.1628732681274414,True,6.153119407095755,1.079185884821234
3524,2960,0.8399545970488081,0.8385357548240636,0.28244427293752444,0.2917289901654361,0.35444425886250197,1.0,1.0,133.82276036841677,orientale,30,low sun (12/10 deg),0,LoFTR (pretrained),SUCCESS,0.46763157844543457,True,6.153119407095755,1.079185884821234
481,220,0.4573804573804574,0.45322245322245325,0.1652207755356261,0.20073143439417773,0.35176494452138807,1.0,0.828125,78.28199177994586,orientale,30,low sun (12/10 deg),0,PC + learned descriptor,SUCCESS,0.24844813346862793,True,6.153119407095755,1.079185884821234
185,85,0.4594594594594595,0.4648648648648649,0.38729787974832586,0.5478049913259033,1.071006735405573,1.0,0.59375,183.5026457209155,orientale,30,low sun (12/10 deg),1,SIFT,SUCCESS,1.1791303157806396,True,-11.417198452063763,0.9196648647362801
259,130,0.5019305019305019,0.5096525096525096,0.38743791785935644,0.41289543725782946,0.5746385386413759,1.0,0.640625,183.56899610706418,orientale,30,low sun (12/10 deg),1,PC-SIFT,SUCCESS,0.6656763553619385,True,-11.417198452063763,0.9196648647362801
2985,2619,0.8773869346733668,0.8793969849246231,0.08893085161469827,0.1017330327301672,0.16484173830751928,1.0,1.0,42.13564651610211,orientale,30,low sun (12/10 deg),1,LoFTR (pretrained),SUCCESS,0.4682760238647461,True,-11.417198452063763,0.9196648647362801
466,210,0.45064377682403434,0.45278969957081544,0.380442200174145,0.4761012735933113,0.8282140799718589,1.0,0.875,180.2544086252347,orientale,30,low sun (12/10 deg),1,PC + learned descriptor,SUCCESS,0.21626830101013184,True,-11.417198452063763,0.9196648647362801
128,5,0.0390625,0.0234375,448.7433361551728,2640.1463993932034,2480.3136891994545,0.0,0.0625,212615.6473864877,orientale,60,low sun (12/10 deg),0,SIFT,REFUSED,1.416902780532837,False,-2.0263394082714044,1.0366336336235986
195,43,0.2205128205128205,0.20512820512820512,0.6444451218226797,0.8298941162206914,1.5291046650039093,1.0,0.328125,305.33961340879404,orientale,60,low sun (12/10 deg),0,PC-SIFT,SUCCESS,0.8708977699279785,True,-2.0263394082714044,1.0366336336235986
2314,1582,0.6836646499567848,0.6836646499567848,0.23270867900319855,0.24004001882561843,0.34486924260202995,1.0,0.953125,110.25791906492042,orientale,60,low sun (12/10 deg),0,LoFTR (pretrained),SUCCESS,0.41040658950805664,True,-2.0263394082714044,1.0366336336235986
389,131,0.33676092544987146,0.33161953727506427,0.7145959273380857,0.6851138834487555,0.8994109920138135,1.0,0.671875,338.5772299428568,orientale,60,low sun (12/10 deg),0,PC + learned descriptor,SUCCESS,0.2412710189819336,True,-2.0263394082714044,1.0366336336235986
135,5,0.037037037037037035,0.007407407407407408,268.8124097938901,4032.8351118647915,1441.971306803119,0.0,0.078125,127363.95157094064,orientale,60,low sun (12/10 deg),1,SIFT,REFUSED,1.457930088043213,False,-6.779503005388467,1.1650792939325174
170,27,0.1588235294117647,0.12941176470588237,1.4755079774610227,2.207566022177272,4.573081691367395,0.6598837209302325,0.234375,699.0991477215414,orientale,60,low sun (12/10 deg),1,PC-SIFT,DEGRADED,0.7225139141082764,True,-6.779503005388467,1.1650792939325174
1707,1081,0.6332747510251904,0.6344463971880492,0.36639849429242777,0.4128816298305658,0.6593931095569888,1.0,0.84375,173.60046777046907,orientale,60,low sun (12/10 deg),1,LoFTR (pretrained),SUCCESS,0.40627264976501465,True,-6.779503005388467,1.1650792939325174
263,39,0.1482889733840304,0.14068441064638784,0.37127570848433444,0.469030823444124,0.8192012577413993,1.0,0.328125,175.91130331788816,orientale,60,low sun (12/10 deg),1,PC + learned descriptor,REFUSED,0.2132401466369629,True,-6.779503005388467,1.1650792939325174
131,5,0.03816793893129771,0.0,328.2170899418886,802.7412839368349,961.335178127105,0.0,0.078125,155510.0286484762,orientale,90,low sun (12/10 deg),0,SIFT,REFUSED,1.178276777267456,False,-2.358798573804343,0.9737085213537344
162,20,0.12345679012345678,0.11728395061728394,1.2499675178744618,1.439387631906531,2.38950707327951,0.8425,0.203125,592.2375478642443,orientale,90,low sun (12/10 deg),0,PC-SIFT,REFUSED,0.6149520874023438,True,-2.358798573804343,0.9737085213537344
1198,609,0.508347245409015,0.48580968280467446,0.8835674585566609,0.9523853555857956,1.473259908646222,1.0,0.890625,418.636338581075,orientale,90,low sun (12/10 deg),0,LoFTR (pretrained),SUCCESS,0.3935263156890869,True,-2.358798573804343,0.9737085213537344
314,83,0.2643312101910828,0.25796178343949044,0.9659937350323291,0.9437133705211557,1.3069374184252276,1.0,0.640625,457.6901021080987,orientale,90,low sun (12/10 deg),0,PC + learned descriptor,SUCCESS,0.21157383918762207,True,-2.358798573804343,0.9737085213537344
141,6,0.0425531914893617,0.0070921985815602835,473.13273228052407,26733.714508118985,2236.819211180645,0.0,0.078125,224171.400594963,orientale,90,low sun (12/10 deg),1,SIFT,REFUSED,1.5468475818634033,False,-9.757233294148017,1.1218274317499286
158,6,0.0379746835443038,0.0949367088607595,314.9367726493567,833.556343437593,629.9862821632545,0.0,0.0625,149217.78310151782,orientale,90,low sun (12/10 deg),1,PC-SIFT,REFUSED,0.7093994617462158,False,-9.757233294148017,1.1218274317499286
406,126,0.3103448275862069,0.31773399014778325,0.42154603179493294,0.5804375836606248,1.1084446974860533,1.0,0.53125,199.72950065667828,orientale,90,low sun (12/10 deg),1,LoFTR (pretrained),SUCCESS,0.3542921543121338,True,-9.757233294148017,1.1218274317499286
274,47,0.17153284671532848,0.14963503649635038,1.133077877080897,1.4338144436036888,2.6133949402385173,0.8388888888888889,0.453125,536.8549613214908,orientale,90,low sun (12/10 deg),1,PC + learned descriptor,SUCCESS,0.21359562873840332,True,-9.757233294148017,1.1218274317499286
121,5,0.04132231404958678,0.0,450.5633835594875,1990.3690608075387,948.7471524415882,0.0,0.0625,213477.99012445015,orientale,120,low sun (12/10 deg),0,SIFT,REFUSED,1.085167407989502,False,0.29584951160362927,0.8540208002333944
147,9,0.061224489795918366,0.08843537414965986,9.364026638532652,19.706783711729845,44.78909010295096,0.06,0.109375,4436.697830332751,orientale,120,low sun (12/10 deg),0,PC-SIFT,REFUSED,0.6691694259643555,False,0.29584951160362927,0.8540208002333944
532,181,0.34022556390977443,0.34210526315789475,1.0595208341363267,1.2074329301149525,2.0033720324490756,0.9475,0.71875,502.00346148754676,orientale,120,low sun (12/10 deg),0,LoFTR (pretrained),SUCCESS,0.3862602710723877,True,0.29584951160362927,0.8540208002333944
304,73,0.24013157894736842,0.24671052631578946,0.5802563418657496,0.620373398552055,0.9488894170997227,1.0,0.546875,274.92681859734694,orientale,120,low sun (12/10 deg),0,PC + learned descriptor,SUCCESS,0.21155929565429688,True,0.29584951160362927,0.8540208002333944
137,5,0.0364963503649635,0.0,364.61662778850973,6947.913151026915,1349.8459614423653,0.0,0.0625,172756.21523285407,orientale,120,low sun (12/10 deg),1,SIFT,REFUSED,2.5385336875915527,False,9.253244037539723,1.1521175713719545
167,7,0.041916167664670656,0.11377245508982035,119.86514472434541,6133.800542921906,1340.9723967856924,0.0,0.0625,56792.38729871435,orientale,120,low sun (12/10 deg),1,PC-SIFT,REFUSED,1.201110601425171,False,9.253244037539723,1.1521175713719545
473,126,0.266384778012685,0.1945031712473573,2.1480149366722734,2.715650630921718,4.879068208074541,0.4622093023255814,0.515625,1017.7345256409469,orientale,120,low sun (12/10 deg),1,LoFTR (pretrained),SUCCESS,0.36618757247924805,False,9.253244037539723,1.1521175713719545
295,56,0.18983050847457628,0.18983050847457628,0.6316852339969392,0.9148300765128371,1.6706353177858362,0.9796511627906976,0.4375,299.29394856640704,orientale,120,low sun (12/10 deg),1,PC + learned descriptor,SUCCESS,0.2197885513305664,True,9.253244037539723,1.1521175713719545
125,6,0.048,0.0,330.3098105149437,2557.3986176938756,2760.713272139637,0.0,0.0625,156501.5645746727,orientale,150,low sun (12/10 deg),0,SIFT,REFUSED,1.2338171005249023,False,-8.947444328634294,1.0125318596181154
232,73,0.3146551724137931,0.3017241379310345,0.8410171704360013,0.9385210562393532,1.4800027936627203,1.0,0.484375,398.4759120602737,orientale,150,low sun (12/10 deg),0,PC-SIFT,SUCCESS,0.691551923751831,True,-8.947444328634294,1.0125318596181154
653,189,0.2894333843797856,0.15926493108728942,4.914077189662178,4.71468679642433,5.740656600673832,0.012626262626262626,0.625,2328.3013223975922,orientale,150,low sun (12/10 deg),0,LoFTR (pretrained),SUCCESS,0.38643503189086914,False,-8.947444328634294,1.0125318596181154
433,172,0.3972286374133949,0.4018475750577367,0.5933882374778514,0.6182306183539532,0.7895359976390793,1.0,0.765625,281.1487416032706,orientale,150,low sun (12/10 deg),0,PC + learned descriptor,SUCCESS,0.21422290802001953,True,-8.947444328634294,1.0125318596181154
127,6,0.047244094488188976,0.0,1000.0,15783.254604216809,6293.715651884935,0.0,0.0625,824856.9548601203,orientale,150,low sun (12/10 deg),1,SIFT,REFUSED,1.2716317176818848,False,-14.806557132502617,1.0210931448006102
228,81,0.35526315789473684,0.35526315789473684,0.6319090878652127,0.6549413267777001,1.0044221786824674,1.0,0.515625,299.4000110553361,orientale,150,low sun (12/10 deg),1,PC-SIFT,SUCCESS,1.265486240386963,True,-14.806557132502617,1.0210931448006102
428,79,0.18457943925233644,0.14719626168224298,3.6294809249375644,3.374374457251956,4.453611184644983,0.21052631578947367,0.515625,1719.6565928851242,orientale,150,low sun (12/10 deg),1,LoFTR (pretrained),SUCCESS,0.3563191890716553,False,-14.806557132502617,1.0210931448006102
368,136,0.3695652173913043,0.3423913043478261,0.6221871584056213,0.601431876244377,0.782286783155514,1.0,0.75,294.793738027179,orientale,150,low sun (12/10 deg),1,PC + learned descriptor,SUCCESS,0.23801422119140625,True,-14.806557132502617,1.0210931448006102
142,5,0.035211267605633804,0.0,478.1374907929023,1564.7927130678045,1422.437517982903,0.0,0.046875,226542.6669411988,orientale,180,low sun (12/10 deg),0,SIFT,REFUSED,1.2370822429656982,False,9.475274348045804,0.9927456267051645
387,239,0.6175710594315246,0.6175710594315246,0.41771533050541054,0.6022954772371097,1.1246260746480177,1.0,0.828125,197.9145053821091,orientale,180,low sun (12/10 deg),0,PC-SIFT,SUCCESS,0.6688973903656006,True,9.475274348045804,0.9927456267051645
807,209,0.2589838909541512,0.18835192069392812,2.0654425805791714,2.280634351686306,3.545686691938966,0.4675,0.625,978.6115492478409,orientale,180,low sun (12/10 deg),0,LoFTR (pretrained),SUCCESS,0.37766003608703613,False,9.475274348045804,0.9927456267051645
552,299,0.5416666666666666,0.5452898550724637,0.4354315625490709,0.5301858451105042,0.9054675035378194,1.0,0.859375,206.30849776422562,orientale,180,low sun (12/10 deg),0,PC + learned descriptor,SUCCESS,0.2128009796142578,True,9.475274348045804,0.9927456267051645
137,6,0.043795620437956206,0.0,81.27752863556412,110.68026312085941,203.6375635152969,0.0,0.0625,38509.484100391484,orientale,180,low sun (12/10 deg),1,SIFT,REFUSED,1.3661575317382812,False,-1.46274302031909,1.162806581693633
359,213,0.5933147632311978,0.5877437325905293,0.5059568119923918,0.5549808850602252,0.8441422584830948,1.0,0.703125,239.72352671141897,orientale,180,low sun (12/10 deg),1,PC-SIFT,SUCCESS,0.7302770614624023,True,-1.46274302031909,1.162806581693633
725,155,0.21379310344827587,0.13379310344827586,4.757592407198844,5.085159633227594,6.802637858873396,0.0,0.5,2254.1584646681786,orientale,180,low sun (12/10 deg),1,LoFTR (pretrained),SUCCESS,0.39308762550354004,False,-1.46274302031909,1.162806581693633
419,167,0.39856801909307876,0.38902147971360385,0.2591432929415431,0.34193455901105874,0.6349265844970782,1.0,0.796875,122.78270128022552,orientale,180,low sun (12/10 deg),1,PC + learned descriptor,SUCCESS,0.21266746520996094,True,-1.46274302031909,1.162806581693633
